-- phpMyAdmin SQL Dump
-- version 5.2.1
-- https://www.phpmyadmin.net/
--
-- Host: localhost
-- Generation Time: Jun 19, 2023 at 01:11 AM
-- Server version: 8.0.33
-- PHP Version: 8.2.6

SET SQL_MODE = "NO_AUTO_VALUE_ON_ZERO";
START TRANSACTION;
SET time_zone = "+00:00";


/*!40101 SET @OLD_CHARACTER_SET_CLIENT=@@CHARACTER_SET_CLIENT */;
/*!40101 SET @OLD_CHARACTER_SET_RESULTS=@@CHARACTER_SET_RESULTS */;
/*!40101 SET @OLD_COLLATION_CONNECTION=@@COLLATION_CONNECTION */;
/*!40101 SET NAMES utf8mb4 */;

--
-- Database: `skmiraj_storemanagement`
--

-- --------------------------------------------------------

--
-- Table structure for table `brands`
--

CREATE TABLE `brands` (
  `brand_id` int NOT NULL,
  `brand_name` varchar(50) DEFAULT NULL,
  `brand_status` int NOT NULL
) ;

--
-- Dumping data for table `brands`
--

INSERT INTO `brands` (`brand_id`, `brand_name`, `brand_status`) VALUES
(20, 'Tecno', 0),
(21, 'Apple', 1),
(22, 'Tecno', 1),
(26, 'Apple2', 1);

-- --------------------------------------------------------

--
-- Table structure for table `b_order_purchase`
--

CREATE TABLE `b_order_purchase` (
  `b_order_product_id` int NOT NULL,
  `purchase_order_id` int DEFAULT NULL,
  `product_id` int DEFAULT NULL,
  `quantity` int DEFAULT NULL,
  `buying_price` decimal(10,2) DEFAULT NULL
) ;

-- --------------------------------------------------------

--
-- Table structure for table `categories`
--

CREATE TABLE `categories` (
  `category_id` int NOT NULL,
  `category_name` varchar(50) DEFAULT NULL,
  `category_status` int DEFAULT NULL
) ;

--
-- Dumping data for table `categories`
--

INSERT INTO `categories` (`category_id`, `category_name`, `category_status`) VALUES
(1, 'Electronics', 1);

-- --------------------------------------------------------

--
-- Stand-in structure for view `categories_information`
-- (See below for the actual view)
--
CREATE TABLE `categories_information` (
`category_id` int
,`category_name` varchar(50)
,`category_status` int
,`sub_category_id` int
,`sub_category_name` varchar(50)
,`sub_category_status` int
);

-- --------------------------------------------------------

--
-- Table structure for table `customers`
--

CREATE TABLE `customers` (
  `customer_id` int NOT NULL,
  `customer_name` varchar(200) DEFAULT NULL,
  `customer_address` varchar(200) DEFAULT NULL,
  `customer_phone` varchar(20) DEFAULT NULL,
  `customer_email` varchar(100) DEFAULT NULL,
  `customer_status` int NOT NULL
) ;

--
-- Dumping data for table `customers`
--

INSERT INTO `customers` (`customer_id`, `customer_name`, `customer_address`, `customer_phone`, `customer_email`, `customer_status`) VALUES
(35, 'Mosharrof', 'Dhaka', '45642', 'fydrg@gmail.com', 1),
(37, '', '', '', '', 1),
(38, 'uio', 'sdfgdfg', '8696', 'dfhhh', 1),
(39, 'uio', 'sdfgdfg', '8696', 'dfhhh', 1),
(40, 'uio', 'sdfgdfg', '8696', 'dfhhh', 1),
(41, 'uio', 'sdfgdfg', '8696', 'dfhhh', 1),
(42, 'uio', 'sdfgdfg', '8696', 'dfhhh', 1),
(43, 'uio', 'sdfgdfg', '8696', 'dfhhh', 1),
(44, 'uio', 'sdfgdfg', '8696', 'dfhhh', 1),
(45, 'uio', 'sdfgdfg', '8696', 'dfhhh', 1),
(46, 'sf', 'dsf', 'sdf', 'sdf', 1),
(47, 'bristy', 'Dhaka', '012468425', 'bristy1254@gmail.com', 1),
(48, 'Rakib', 'Dhaka', '012468425', 'rakib1254@gmail.com', 1),
(49, 'sheuly', 'Dhaka', '012468425', 'sheuly1254@gmail.com', 1),
(50, 'Sk Miraj', 'Dhaka', '0156455', 'sdksd@gmail.com', 1),
(51, 'Hasan', 'Behar hat, Shibgonj-Bogura', '01723629080', 'info@gmail.com', 1),
(52, 'Yulma Aldie', '8954 2nd Road', '667-405-8800', 'yaldie0@bbc.co.uk', 1),
(53, 'Frasier Toderbrugge', '8 Rigney Avenue', '191-615-1433', 'ftoderbrugge1@ebay.com', 1),
(54, 'Urson Pindred', '08 Artisan Park', '856-382-2999', 'upindred2@newsvine.com', 1),
(55, 'Aldus Korting', '5 Kipling Pass', '693-525-8593', 'akorting3@nature.com', 1),
(56, 'Elias Simak', '338 Farwell Park', '122-703-9675', 'esimak4@wikia.com', 1),
(57, 'Torr Guidetti', '5535 Grim Park', '891-576-1184', 'tguidetti5@telegraph.co.uk', 1),
(58, 'Even Guyet', '509 Crownhardt Park', '518-392-2851', 'eguyet6@topsy.com', 1),
(59, 'Kendall Hanny', '34 Spenser Way', '305-483-8425', 'khanny7@prlog.org', 1),
(60, 'Dillie Meiner', '95 Arrowood Terrace', '420-577-0912', 'dmeiner8@wikimedia.org', 1),
(61, 'Hedi Lisett', '803 Doe Crossing Court', '500-434-6411', 'hlisett9@qq.com', 1),
(62, 'Giordano Gosdin', '1 Graceland Center', '299-566-7124', 'ggosdina@behance.net', 1),
(63, 'Olive Whetland', '409 Bartelt Trail', '756-674-6092', 'owhetlandb@hatena.ne.jp', 1),
(64, 'Gale Geach', '892 Rockefeller Terrace', '451-580-2044', 'ggeachc@imgur.com', 1),
(65, 'Haven Catley', '00612 Moland Street', '997-556-7191', 'hcatleyd@admin.ch', 1),
(66, 'Roddy Maypole', '768 Homewood Way', '207-616-2510', 'rmaypolee@artisteer.com', 1),
(67, 'Latrina Shipp', '8 Merrick Alley', '888-620-5796', 'lshippf@irs.gov', 1),
(68, 'Jenni Alabaster', '15 Roxbury Place', '908-732-5032', 'jalabasterg@dot.gov', 1),
(69, 'Yetty Bernini', '15729 Hoard Center', '242-628-2374', 'yberninih@mac.com', 1),
(70, 'Melissa Hartzogs', '35 Waywood Circle', '747-966-9427', 'mhartzogsi@wikipedia.org', 1),
(71, 'Melvin Keating', '8 Village Green Crossing', '818-993-4867', 'mkeatingj@blinklist.com', 1),
(72, 'Germayne Partkya', '72201 Hooker Park', '777-319-8720', 'gpartkyak@typepad.com', 1),
(73, 'Ravi Orrice', '7058 Corben Place', '147-543-0666', 'rorricel@gravatar.com', 1),
(74, 'Auberta Barroux', '8 Oneill Plaza', '245-318-8090', 'abarrouxm@harvard.edu', 1),
(75, 'Wynny Pratley', '10464 Dottie Pass', '898-422-0682', 'wpratleyn@163.com', 1),
(76, 'Tanya Ascroft', '3948 Dunning Avenue', '738-367-7635', 'tascrofto@vinaora.com', 1),
(77, 'Katy Casterton', '18 Loftsgordon Point', '433-542-2207', 'kcastertonp@ibm.com', 1),
(78, 'Debbie MacKeig', '2 Monterey Avenue', '485-266-2650', 'dmackeigq@uiuc.edu', 1),
(79, 'Jenna Cressy', '3 Maywood Drive', '797-324-8882', 'jcressyr@tripod.com', 1),
(80, 'Allix Blackburn', '409 Mesta Drive', '987-956-0277', 'ablackburns@blogs.com', 1),
(81, 'Tandi Hixley', '65904 Montana Parkway', '295-615-9279', 'thixleyt@addtoany.com', 1),
(82, 'Alphonso Shay', '17 Roxbury Way', '220-333-0001', 'ashayu@wp.com', 1),
(83, 'Iormina Newbatt', '5 Sullivan Lane', '312-392-1765', 'inewbattv@ucla.edu', 1),
(84, 'Lucais Wennam', '451 Stoughton Avenue', '807-317-2963', 'lwennamw@ted.com', 1),
(85, 'Napoleon Hurleston', '163 Maywood Court', '975-835-3544', 'nhurlestonx@icio.us', 1),
(86, 'Radcliffe Wyss', '27366 Vidon Lane', '865-955-4787', 'rwyssy@acquirethisname.com', 1),
(87, 'Horace Whorall', '9 Cardinal Trail', '498-327-7211', 'hwhorallz@multiply.com', 1),
(88, 'Dukie Wathen', '1 Bluejay Lane', '558-235-6502', 'dwathen10@virginia.edu', 1),
(89, 'Terza Yarwood', '4 Hauk Drive', '449-467-3273', 'tyarwood11@etsy.com', 1),
(90, 'Lorilee Plowman', '434 Loomis Court', '140-511-7690', 'lplowman12@google.com', 1),
(91, 'Annice Conroy', '85 Steensland Park', '700-394-8981', 'aconroy13@nifty.com', 1),
(92, 'Stevena McCadden', '631 Waxwing Court', '912-808-2319', 'smccadden14@cnet.com', 1),
(93, 'Charisse Whooley', '3 Carioca Junction', '107-407-1722', 'cwhooley15@friendfeed.com', 1),
(94, 'Elnore Godridge', '253 Little Fleur Court', '837-503-0643', 'egodridge16@unicef.org', 1),
(95, 'Arlana Asty', '195 Marcy Trail', '625-523-6765', 'aasty17@miitbeian.gov.cn', 1),
(96, 'Cam Heinsen', '383 High Crossing Road', '726-203-0417', 'cheinsen18@tumblr.com', 1),
(97, 'Sherry Cisson', '696 Monterey Park', '169-497-0786', 'scisson19@yale.edu', 1),
(98, 'Everett Lambert-Ciorwyn', '93520 Schiller Junction', '688-811-7870', 'elambertciorwyn1a@google.co.jp', 1),
(99, 'Alwyn Asser', '89 Namekagon Junction', '703-696-2639', 'aasser1b@prnewswire.com', 1),
(100, 'Dulcinea Lochet', '5708 Londonderry Trail', '655-115-1480', 'dlochet1c@yellowbook.com', 1),
(101, 'Jeannette Legan', '772 Algoma Place', '513-751-4396', 'jlegan1d@ed.gov', 1),
(102, 'Darrelle Reppaport', '381 Fair Oaks Plaza', '431-357-4937', 'dreppaport1e@i2i.jp', 1),
(103, 'Barbabas Muffett', '910 Welch Place', '508-847-9529', 'bmuffett1f@wired.com', 1),
(104, 'Matteo Marke', '39141 Holy Cross Terrace', '653-678-9815', 'mmarke1g@unblog.fr', 1),
(105, 'Linea Chaves', '06145 Twin Pines Way', '241-918-7034', 'lchaves1h@github.io', 1),
(106, 'Morse Spurway', '700 Clemons Trail', '872-663-8109', 'mspurway1i@unicef.org', 1),
(107, 'Petunia Organ', '90144 Texas Circle', '567-944-7802', 'porgan1j@cbsnews.com', 1),
(108, 'Shalna Hugland', '2662 Tennyson Point', '583-893-6009', 'shugland1k@ucoz.com', 1),
(109, 'Tamara Heggie', '35187 Thierer Circle', '945-901-1395', 'theggie1l@tamu.edu', 1),
(110, 'Nat Perico', '9 Autumn Leaf Court', '933-687-4223', 'nperico1m@ebay.com', 1),
(111, 'Kass Kid', '67137 Dunning Lane', '279-831-9442', 'kkid1n@umn.edu', 1),
(112, 'Sofia Clitsome', '962 Duke Lane', '822-771-4742', 'sclitsome1o@ucla.edu', 1),
(113, 'Sanderson Linggard', '04 Porter Plaza', '323-436-5222', 'slinggard1p@imdb.com', 1),
(114, 'Brendon Hellens', '3117 Mosinee Place', '169-570-9169', 'bhellens1q@msn.com', 1),
(115, 'Mikol Grene', '7588 John Wall Point', '317-631-0525', 'mgrene1r@yandex.ru', 1),
(116, 'Elena Lembke', '64190 Kennedy Parkway', '146-426-2808', 'elembke1s@hatena.ne.jp', 1),
(117, 'Hy Addlestone', '6277 Sheridan Center', '446-423-3531', 'haddlestone1t@archive.org', 1),
(118, 'Mick Barents', '7 Hagan Park', '335-551-8996', 'mbarents1u@wikimedia.org', 1),
(119, 'Teddie Bedell', '3951 American Point', '178-226-2852', 'tbedell1v@china.com.cn', 1),
(120, 'Sergent Airy', '560 Ludington Plaza', '893-298-3098', 'sairy1w@kickstarter.com', 1),
(121, 'Ferdie Wingfield', '567 Daystar Court', '523-371-7758', 'fwingfield1x@prweb.com', 1),
(122, 'Erin Radoux', '31 Dapin Trail', '990-711-6302', 'eradoux1y@infoseek.co.jp', 1),
(123, 'Rees Durante', '81 Russell Pass', '680-558-2873', 'rdurante1z@bbb.org', 1),
(124, 'Kathye Heathorn', '8 Mendota Place', '744-941-5966', 'kheathorn20@clickbank.net', 1),
(125, 'Fawnia McConachie', '064 Talmadge Park', '386-173-3214', 'fmcconachie21@theglobeandmail.com', 1),
(126, 'Merrile Romaint', '01 Lillian Parkway', '174-312-3161', 'mromaint22@cocolog-nifty.com', 1),
(127, 'Marji Childerley', '693 Mallory Street', '998-500-6356', 'mchilderley23@shinystat.com', 1),
(128, 'Adair Liggens', '1930 Cardinal Trail', '500-380-2619', 'aliggens24@cbslocal.com', 1),
(129, 'Fianna Shelmardine', '5 Crownhardt Center', '393-525-5009', 'fshelmardine25@ca.gov', 1),
(130, 'Remus Bawdon', '69 New Castle Alley', '458-524-5331', 'rbawdon26@boston.com', 1),
(131, 'Gregorius Goodbody', '8 Elka Junction', '626-449-3158', 'ggoodbody27@businessinsider.com', 1),
(132, 'Tonnie Finlayson', '11 Buhler Parkway', '555-394-3682', 'tfinlayson28@weather.com', 1),
(133, 'Trixi Pleat', '7828 Lukken Center', '387-487-4025', 'tpleat29@is.gd', 1),
(134, 'Ludovika Gosneye', '44372 East Point', '957-454-0109', 'lgosneye2a@phpbb.com', 1),
(135, 'Caria McPhelim', '0 Cordelia Pass', '678-940-8739', 'cmcphelim2b@taobao.com', 1),
(136, 'Mycah Ainger', '337 Westerfield Point', '790-867-4423', 'mainger2c@unc.edu', 1),
(137, 'Mattie Karpushkin', '4259 Waywood Crossing', '131-850-4767', 'mkarpushkin2d@chronoengine.com', 1),
(138, 'Yorke Bowdrey', '56706 Sullivan Point', '630-275-4215', 'ybowdrey2e@networkadvertising.org', 1),
(139, 'Marne Issacoff', '172 Service Way', '412-850-1563', 'missacoff2f@amazon.co.uk', 1),
(140, 'Jacquette Phillippo', '71 Badeau Point', '291-830-2542', 'jphillippo2g@columbia.edu', 1),
(141, 'Angie Cranage', '1 Monterey Place', '488-261-0796', 'acranage2h@deliciousdays.com', 1),
(142, 'Shanda Dupree', '927 Mcbride Place', '840-856-6830', 'sdupree2i@globo.com', 1),
(143, 'Temp Vivers', '34153 Pennsylvania Point', '883-648-0686', 'tvivers2j@ihg.com', 1),
(144, 'Lev Buddles', '6794 Division Terrace', '361-910-5848', 'lbuddles2k@intel.com', 1),
(145, 'Jordana De Fries', '8074 Gateway Street', '828-271-3605', 'jde2l@google.it', 1),
(146, 'Maggee Crosetto', '8596 Farwell Road', '182-520-1470', 'mcrosetto2m@businesswire.com', 1),
(147, 'Berny Marzello', '828 Lighthouse Bay Parkway', '506-173-9413', 'bmarzello2n@sina.com.cn', 1),
(148, 'Eben Rasper', '08778 Gina Parkway', '420-254-6342', 'erasper2o@abc.net.au', 1),
(149, 'Neilla Ayton', '0090 Welch Trail', '749-903-8789', 'nayton2p@networksolutions.com', 1),
(150, 'Miguel Coyte', '466 Delladonna Alley', '742-900-2691', 'mcoyte2q@reddit.com', 1),
(151, 'Lind Grimsell', '9 Dexter Alley', '906-912-5170', 'lgrimsell2r@a8.net', 1),
(152, 'Hyacinthe Forri', '2 Ryan Park', '174-588-3758', 'hforri2s@live.com', 1),
(153, 'Kris Kermath', '1 Di Loreto Hill', '503-577-5061', 'kkermath2t@buzzfeed.com', 1),
(154, 'Dena Compson', '327 Forest Run Point', '729-301-4869', 'dcompson2u@cornell.edu', 1),
(155, 'Jabez Maskelyne', '95 Rockefeller Parkway', '109-555-7894', 'jmaskelyne2v@washingtonpost.com', 1),
(156, 'Sonny Palay', '07636 Toban Court', '860-806-3536', 'spalay2w@disqus.com', 1),
(157, 'Vincenty Fisby', '3 8th Road', '945-190-4651', 'vfisby2x@webeden.co.uk', 1),
(158, 'Jasmina Lamperd', '69 Clemons Crossing', '385-419-9890', 'jlamperd2y@elpais.com', 1),
(159, 'Emilie Oakey', '4 Merry Crossing', '216-418-9529', 'eoakey2z@cornell.edu', 1),
(160, 'Bartolemo Muscat', '586 Old Shore Center', '862-422-9396', 'bmuscat30@alexa.com', 1),
(161, 'Pierette Broddle', '74 Bultman Road', '738-225-6282', 'pbroddle31@weebly.com', 1),
(162, 'Alexina Clavering', '921 Summit Drive', '297-975-8125', 'aclavering32@reuters.com', 1),
(163, 'Orin Crellin', '68 Bashford Terrace', '436-249-0822', 'ocrellin33@acquirethisname.com', 1),
(164, 'Justis Behnecken', '0 Bunker Hill Circle', '836-953-0871', 'jbehnecken34@sakura.ne.jp', 1),
(165, 'Raoul Bycraft', '38 Paget Drive', '108-981-3176', 'rbycraft35@cbc.ca', 1),
(166, 'Zitella Sexty', '362 Graedel Crossing', '389-678-8315', 'zsexty36@cbsnews.com', 1),
(167, 'Joyce Hawthorne', '83 Acker Circle', '148-179-2454', 'jhawthorne37@blog.com', 1),
(168, 'Orlan Winfindine', '838 Charing Cross Place', '915-341-3287', 'owinfindine38@yellowpages.com', 1),
(169, 'Rube Mattusov', '196 Meadow Vale Point', '290-758-1034', 'rmattusov39@scribd.com', 1),
(170, 'Drusi Meltetal', '24 Weeping Birch Parkway', '299-304-5555', 'dmeltetal3a@dedecms.com', 1),
(171, 'Louis Batting', '639 Farmco Terrace', '373-520-7285', 'lbatting3b@abc.net.au', 1),
(172, 'Marti Scupham', '2394 Mccormick Street', '612-717-4609', 'mscupham3c@sun.com', 1),
(173, 'Tymon Sperring', '47451 Tony Place', '963-728-7155', 'tsperring3d@prweb.com', 1),
(174, 'Chastity MacParland', '4 Colorado Alley', '101-698-2718', 'cmacparland3e@wikimedia.org', 1),
(175, 'Joseph Risbie', '5399 Lake View Alley', '362-688-2009', 'jrisbie3f@canalblog.com', 1),
(176, 'Sherill Attewell', '3227 Namekagon Road', '379-550-4783', 'sattewell3g@nymag.com', 1),
(177, 'Ellsworth Brenston', '033 Riverside Avenue', '329-226-6724', 'ebrenston3h@oakley.com', 1),
(178, 'Dawn Gauvin', '28479 Elmside Terrace', '267-431-6056', 'dgauvin3i@nasa.gov', 1),
(179, 'Pincas Linder', '5999 Charing Cross Hill', '906-261-0147', 'plinder3j@tmall.com', 1),
(180, 'Gwenny Gwinnel', '1 Maple Road', '284-904-0116', 'ggwinnel3k@chronoengine.com', 1),
(181, 'Moore Robertazzi', '9 Nova Junction', '472-833-0487', 'mrobertazzi3l@photobucket.com', 1),
(182, 'Chas Corryer', '44536 Burrows Parkway', '805-777-5644', 'ccorryer3m@timesonline.co.uk', 1),
(183, 'Zahara Bransgrove', '2436 Elmside Drive', '610-834-9478', 'zbransgrove3n@bloglines.com', 1),
(184, 'Mead Munn', '6262 Green Ridge Road', '218-350-0274', 'mmunn3o@nytimes.com', 1),
(185, 'Katya Renihan', '6 Artisan Junction', '601-227-8406', 'krenihan3p@shop-pro.jp', 1),
(186, 'Lena Lyptrade', '2628 Ohio Parkway', '326-409-5340', 'llyptrade3q@csmonitor.com', 1),
(187, 'Monica Leadley', '35 Nevada Lane', '563-369-0347', 'mleadley3r@house.gov', 1),
(188, 'Trevor Haslin', '8202 Fordem Alley', '889-602-3789', 'thaslin3s@merriam-webster.com', 1),
(189, 'Calida Bolle', '278 Logan Junction', '947-948-9538', 'cbolle3t@technorati.com', 1),
(190, 'Tatiana Tewnion', '7944 Shasta Alley', '703-951-6194', 'ttewnion3u@dropbox.com', 1),
(191, 'Carl Goodbourn', '44625 Sage Avenue', '624-641-6894', 'cgoodbourn3v@spiegel.de', 1),
(192, 'Jacklin Yaxley', '13679 Waxwing Pass', '819-283-7471', 'jyaxley3w@reverbnation.com', 1),
(193, 'Liana Croydon', '27279 Superior Center', '309-238-6243', 'lcroydon3x@de.vu', 1),
(194, 'Paige Jizhaki', '160 Toban Alley', '845-782-7097', 'pjizhaki3y@hibu.com', 1),
(195, 'Milissent Hugueville', '9 Maywood Alley', '790-272-8107', 'mhugueville3z@gravatar.com', 1),
(196, 'Lotte Bonas', '087 Graceland Terrace', '682-476-1200', 'lbonas40@archive.org', 1),
(197, 'Octavia Skupinski', '92 Eagan Junction', '943-120-9264', 'oskupinski41@economist.com', 1),
(198, 'Calli Wilde', '765 Sutteridge Drive', '730-790-1527', 'cwilde42@kickstarter.com', 1),
(199, 'Sibyl Adger', '7 Trailsway Park', '623-383-1381', 'sadger43@nytimes.com', 1),
(200, 'Teodorico Charteris', '328 Lien Parkway', '462-185-1072', 'tcharteris44@bandcamp.com', 1),
(201, 'Yorker Ferneley', '7722 Schiller Pass', '792-107-3933', 'yferneley45@telegraph.co.uk', 1),
(202, 'Leola Walklett', '42 Portage Point', '721-418-3955', 'lwalklett46@blogs.com', 1),
(203, 'Geoff Reedshaw', '6721 Thierer Court', '991-122-5824', 'greedshaw47@dmoz.org', 1),
(204, 'Jemima Imlach', '447 Sherman Pass', '995-600-1747', 'jimlach48@histats.com', 1),
(205, 'Batholomew Carletti', '4956 Kropf Terrace', '387-933-3243', 'bcarletti49@springer.com', 1),
(206, 'Cherianne Blagburn', '398 Anniversary Parkway', '892-800-7429', 'cblagburn4a@youtube.com', 1),
(207, 'Lucienne MacAdie', '6460 Sheridan Way', '161-999-4029', 'lmacadie4b@google.es', 1),
(208, 'Rasia Askwith', '880 Tennyson Street', '951-584-4367', 'raskwith4c@sun.com', 1),
(209, 'Isador Challoner', '7 Fieldstone Lane', '303-360-9059', 'ichalloner4d@engadget.com', 1),
(210, 'Torey Lunnon', '03 American Plaza', '562-707-8964', 'tlunnon4e@gizmodo.com', 1),
(211, 'Greta Scotchforth', '88 Londonderry Trail', '755-777-7012', 'gscotchforth4f@archive.org', 1),
(212, 'Forrest Lindhe', '9846 Gulseth Lane', '841-397-2859', 'flindhe4g@dyndns.org', 1),
(213, 'Lianne Fortey', '92124 Stang Pass', '476-357-3850', 'lfortey4h@vimeo.com', 1),
(214, 'Thadeus Snowden', '96417 Kennedy Parkway', '901-737-4153', 'tsnowden4i@blogtalkradio.com', 1),
(215, 'Randell Bellows', '56 Karstens Place', '798-996-8143', 'rbellows4j@cnet.com', 1),
(216, 'Leigh Meanwell', '7190 Maywood Hill', '193-218-8865', 'lmeanwell4k@samsung.com', 1),
(217, 'Hugo Tilt', '285 Fairview Park', '669-947-4582', 'htilt4l@amazon.co.uk', 1),
(218, 'Glynda Jacobsohn', '09 North Park', '987-952-5340', 'gjacobsohn4m@netvibes.com', 1),
(219, 'Kara-lynn Carvell', '00 Dawn Street', '921-859-2534', 'kcarvell4n@ucla.edu', 1),
(220, 'Dolley Piotr', '26123 Myrtle Drive', '933-854-5645', 'dpiotr4o@washington.edu', 1),
(221, 'Hendrika Tring', '0408 Hauk Pass', '835-934-5509', 'htring4p@dyndns.org', 1),
(222, 'Lesya Petyankin', '444 Bobwhite Junction', '643-110-9159', 'lpetyankin4q@edublogs.org', 1),
(223, 'Berk Echallie', '24232 Cordelia Hill', '711-222-0368', 'bechallie4r@fc2.com', 1),
(224, 'Shepherd Biaggioli', '37 Oak Valley Road', '335-988-4460', 'sbiaggioli4s@mozilla.com', 1),
(225, 'Emmanuel De Brett', '38197 2nd Street', '846-781-2732', 'ede4t@java.com', 1),
(226, 'Dario McGebenay', '77547 Heffernan Circle', '472-656-6535', 'dmcgebenay4u@google.ca', 1),
(227, 'Arleen Ives', '9135 Clemons Junction', '530-277-6776', 'aives4v@delicious.com', 1),
(228, 'Daile Barends', '3896 Corscot Terrace', '243-935-3923', 'dbarends4w@nydailynews.com', 1),
(229, 'Arabele Pinnell', '6 Grover Junction', '116-130-6882', 'apinnell4x@apple.com', 1),
(230, 'Collie Roath', '69787 2nd Junction', '666-708-0556', 'croath4y@miitbeian.gov.cn', 1),
(231, 'Diahann Blakeden', '88 Crownhardt Pass', '224-307-9775', 'dblakeden4z@ft.com', 1),
(232, 'Olenolin Eames', '239 Merchant Avenue', '521-718-7104', 'oeames50@npr.org', 1),
(233, 'Hardy Rishbrook', '27523 Lake View Terrace', '624-562-6577', 'hrishbrook51@washingtonpost.com', 1),
(234, 'Brit Knappitt', '7666 Larry Avenue', '283-697-1370', 'bknappitt52@wired.com', 1),
(235, 'Welby Jedraszczyk', '8127 Reinke Road', '919-455-2665', 'wjedraszczyk53@opera.com', 1),
(236, 'Miles Pavy', '15676 Welch Way', '444-266-0790', 'mpavy54@sbwire.com', 1),
(237, 'Carroll Mallya', '565 Darwin Junction', '310-310-3353', 'cmallya55@house.gov', 1),
(238, 'Marcelo Whitloe', '25 Canary Circle', '887-206-1142', 'mwhitloe56@godaddy.com', 1),
(239, 'Allis Duddy', '88 Tennyson Park', '640-595-7396', 'aduddy57@cloudflare.com', 1),
(240, 'Tracey Haslock', '27078 Farragut Drive', '442-879-1418', 'thaslock58@t-online.de', 1),
(241, 'Katha Agutter', '5821 Packers Court', '194-478-0446', 'kagutter59@yahoo.co.jp', 1),
(242, 'Lowe Deason', '78706 Pankratz Hill', '330-718-5739', 'ldeason5a@mac.com', 1),
(243, 'Sheffie Asplin', '563 Petterle Place', '115-491-6547', 'sasplin5b@yahoo.co.jp', 1),
(244, 'Jodie Fakes', '10 Paget Avenue', '300-238-8013', 'jfakes5c@state.tx.us', 1),
(245, 'Deborah Philliphs', '36338 Redwing Junction', '865-787-0332', 'dphilliphs5d@arstechnica.com', 1),
(246, 'Dolli Jerome', '5 Veith Street', '380-920-3328', 'djerome5e@si.edu', 1),
(247, 'Mozelle Aspinal', '0 Longview Center', '814-162-4957', 'maspinal5f@earthlink.net', 1),
(248, 'Vally Skillern', '142 Dakota Terrace', '835-406-9718', 'vskillern5g@noaa.gov', 1),
(249, 'Coralie Micklewright', '98487 Erie Alley', '829-564-8625', 'cmicklewright5h@bandcamp.com', 1),
(250, 'Ellswerth Graffin', '5 5th Alley', '738-341-2808', 'egraffin5i@businessweek.com', 1),
(251, 'Ardenia Crack', '56976 Service Terrace', '421-553-3452', 'acrack5j@toplist.cz', 1),
(252, 'Ingemar Retallack', '240 Schiller Park', '798-144-9940', 'iretallack5k@kickstarter.com', 1),
(253, 'Roy Blethin', '34929 Pankratz Avenue', '347-969-2443', 'rblethin5l@fda.gov', 1),
(254, 'Clemmy Quittonden', '85 Russell Avenue', '156-438-3163', 'cquittonden5m@nationalgeographic.com', 1),
(255, 'Tanny Johnson', '1 Harbort Plaza', '345-347-2574', 'tjohnson5n@thetimes.co.uk', 1),
(256, 'Porty Schenfisch', '6681 Prentice Point', '459-249-0105', 'pschenfisch5o@si.edu', 1),
(257, 'Vergil Conquer', '45969 Truax Street', '989-111-2185', 'vconquer5p@canalblog.com', 1),
(258, 'Deidre Caroline', '56 Meadow Valley Avenue', '142-816-4900', 'dcaroline5q@tiny.cc', 1),
(259, 'Beckie Shepeard', '7 Dahle Junction', '972-857-6087', 'bshepeard5r@mozilla.org', 1),
(260, 'Jan Brecknall', '5 Sunnyside Hill', '990-379-9914', 'jbrecknall5s@delicious.com', 1),
(261, 'Tabbitha Campkin', '8126 Maple Wood Parkway', '107-122-5800', 'tcampkin5t@engadget.com', 1),
(262, 'Jayne Harvie', '4 Carberry Way', '694-662-2785', 'jharvie5u@nationalgeographic.com', 1),
(263, 'Wren Farfolomeev', '2 Corben Park', '151-644-2654', 'wfarfolomeev5v@quantcast.com', 1),
(264, 'Brewster Lyenyng', '968 Commercial Hill', '742-285-6451', 'blyenyng5w@github.io', 1),
(265, 'Sioux Reavell', '7609 Northwestern Parkway', '785-974-5823', 'sreavell5x@example.com', 1),
(266, 'Clerkclaude Deniso', '0192 Manufacturers Pass', '730-605-2183', 'cdeniso5y@t.co', 1),
(267, 'Nealson Degnen', '768 Pawling Lane', '514-494-4860', 'ndegnen5z@ebay.com', 1),
(268, 'Horatia Draycott', '19412 2nd Road', '980-314-9977', 'hdraycott60@cafepress.com', 1),
(269, 'Jordan Gibling', '1958 Bobwhite Point', '149-971-5397', 'jgibling61@bizjournals.com', 1),
(270, 'Kiel Mayman', '7 Autumn Leaf Point', '116-452-5912', 'kmayman62@npr.org', 1),
(271, 'Pacorro Goddman', '9940 Service Plaza', '524-275-9132', 'pgoddman63@macromedia.com', 1),
(272, 'Leia Schuck', '65 Thompson Terrace', '561-373-1252', 'lschuck64@china.com.cn', 1),
(273, 'Mignonne Heasman', '16679 Sommers Trail', '254-487-1882', 'mheasman65@arizona.edu', 1),
(274, 'Aleksandr Loreit', '7154 Cardinal Trail', '328-774-5142', 'aloreit66@time.com', 1),
(275, 'Mallory Borlease', '3088 Huxley Hill', '339-715-3799', 'mborlease67@independent.co.uk', 1),
(276, 'Emmalynn Raycroft', '433 Elmside Junction', '185-210-4852', 'eraycroft68@usnews.com', 1),
(277, 'Rafaela Gercken', '853 Eastwood Lane', '936-773-5174', 'rgercken69@tripadvisor.com', 1),
(278, 'Simon Punt', '9 Lakewood Gardens Parkway', '320-319-0174', 'spunt6a@squarespace.com', 1),
(279, 'Vernon Tipping', '19 Oneill Avenue', '475-422-0510', 'vtipping6b@tamu.edu', 1),
(280, 'Dion Mullally', '416 Brickson Park Pass', '689-992-3625', 'dmullally6c@washingtonpost.com', 1),
(281, 'Arthur Delagua', '69 Melrose Alley', '938-600-3683', 'adelagua6d@utexas.edu', 1),
(282, 'Baudoin Kall', '36839 Hintze Avenue', '968-791-2529', 'bkall6e@dropbox.com', 1),
(283, 'Nappie Battlestone', '99022 Hallows Drive', '362-876-7584', 'nbattlestone6f@etsy.com', 1),
(284, 'Jacquelyn Windrass', '93153 Eastlawn Road', '104-589-6237', 'jwindrass6g@slashdot.org', 1),
(285, 'Ethelred Tarry', '0 Dwight Circle', '604-678-8939', 'etarry6h@psu.edu', 1),
(286, 'Ezequiel Pallent', '99 Holmberg Place', '372-475-7466', 'epallent6i@goo.gl', 1),
(287, 'Padriac Kempston', '87565 Bluejay Road', '139-832-2800', 'pkempston6j@taobao.com', 1),
(288, 'Petr Casillas', '2 Packers Terrace', '334-798-1842', 'pcasillas6k@narod.ru', 1),
(289, 'Iorgos Pester', '5542 Mayfield Circle', '804-605-2887', 'ipester6l@github.io', 1),
(290, 'Zahara Woolfall', '8 Kipling Court', '223-392-6231', 'zwoolfall6m@amazon.co.uk', 1),
(291, 'Christiana Hofer', '3379 Menomonie Hill', '152-327-9597', 'chofer6n@soundcloud.com', 1),
(292, 'Kalle Twallin', '832 Pleasure Point', '432-661-0367', 'ktwallin6o@drupal.org', 1),
(293, 'Jackie Benedit', '410 Talisman Plaza', '711-285-2122', 'jbenedit6p@meetup.com', 1),
(294, 'Eadith Bolver', '34796 Logan Road', '252-865-5498', 'ebolver6q@ezinearticles.com', 1),
(295, 'Christel Cesconi', '980 Corben Circle', '408-522-5664', 'ccesconi6r@fda.gov', 1),
(296, 'Israel Colston', '2347 Nova Point', '236-853-1365', 'icolston6s@surveymonkey.com', 1),
(297, 'Zebulen Offill', '2 Mcguire Lane', '758-453-1330', 'zoffill6t@tamu.edu', 1),
(298, 'Phillie Bywaters', '4003 Debra Crossing', '859-721-0652', 'pbywaters6u@businessweek.com', 1),
(299, 'Emmalynne Danslow', '19654 Bluejay Point', '951-336-3281', 'edanslow6v@smh.com.au', 1),
(300, 'Estrellita Cunio', '4184 Onsgard Hill', '692-367-8616', 'ecunio6w@geocities.jp', 1),
(301, 'Niki Sallings', '0 Rusk Park', '537-197-6813', 'nsallings6x@discuz.net', 1),
(302, 'Stefa Westmancoat', '3 Victoria Drive', '767-526-5468', 'swestmancoat6y@icio.us', 1),
(303, 'Pierre Bollini', '829 Summit Alley', '558-903-1284', 'pbollini6z@tinyurl.com', 1),
(304, 'Richmond Shade', '867 Ramsey Way', '320-434-1917', 'rshade70@mac.com', 1),
(305, 'Jessica Ragsdale', '2405 Independence Street', '271-285-9687', 'jragsdale71@xinhuanet.com', 1),
(306, 'Laverna McNea', '513 Cody Circle', '183-523-3559', 'lmcnea72@slideshare.net', 1),
(307, 'Crystie Varsey', '18 Sommers Pass', '893-340-1851', 'cvarsey73@dagondesign.com', 1),
(308, 'Boigie Greenin', '40 Independence Street', '237-572-4655', 'bgreenin74@jigsy.com', 1),
(309, 'Hanni Stoker', '02 Oxford Pass', '970-112-1614', 'hstoker75@boston.com', 1),
(310, 'Buck Nayshe', '5 Del Sol Center', '559-190-6801', 'bnayshe76@netvibes.com', 1),
(311, 'Clarissa Pidgen', '7 Lukken Road', '739-132-3898', 'cpidgen77@goo.ne.jp', 1),
(312, 'Domeniga Wardingley', '37 Sloan Drive', '258-412-8494', 'dwardingley78@nasa.gov', 1),
(313, 'Christabel Shearme', '702 Heath Place', '324-848-3116', 'cshearme79@squidoo.com', 1),
(314, 'Wendeline Heddon', '2 Scoville Road', '138-577-9888', 'wheddon7a@clickbank.net', 1),
(315, 'Francine Ghiotto', '6 Judy Street', '734-288-7888', 'fghiotto7b@usda.gov', 1),
(316, 'Russell Jovanovic', '9 Cascade Junction', '901-818-4972', 'rjovanovic7c@unicef.org', 1),
(317, 'Letti Gaskall', '51353 Lakewood Gardens Place', '277-345-1928', 'lgaskall7d@sakura.ne.jp', 1),
(318, 'Ario Blewmen', '099 Cottonwood Alley', '663-953-4546', 'ablewmen7e@un.org', 1),
(319, 'Sherri Artiss', '4588 Melvin Park', '294-611-0525', 'sartiss7f@indiatimes.com', 1),
(320, 'Brodie MacKaile', '18 Pawling Road', '810-405-4620', 'bmackaile7g@wiley.com', 1),
(321, 'Robbin Buske', '4 Fordem Street', '789-624-8204', 'rbuske7h@usa.gov', 1),
(322, 'Dinah Battell', '218 Pleasure Alley', '639-357-8199', 'dbattell7i@wunderground.com', 1),
(323, 'Audie Hutson', '72962 Waubesa Way', '954-643-3158', 'ahutson7j@rakuten.co.jp', 1),
(324, 'Chickie Sarl', '1388 Annamark Court', '977-952-9086', 'csarl7k@freewebs.com', 1),
(325, 'Theobald Nutbeem', '6 Heffernan Way', '550-206-8839', 'tnutbeem7l@chronoengine.com', 1),
(326, 'Yul Downage', '503 Sycamore Road', '326-320-9932', 'ydownage7m@macromedia.com', 1),
(327, 'Robinetta Squier', '21 Independence Park', '271-798-6491', 'rsquier7n@moonfruit.com', 1),
(328, 'Eachelle Cops', '44194 Waubesa Lane', '752-616-2747', 'ecops7o@aboutads.info', 1),
(329, 'Ursola Temperton', '3096 Kim Pass', '722-278-2354', 'utemperton7p@amazon.de', 1),
(330, 'Benjie Thebe', '4527 Columbus Parkway', '230-913-8673', 'bthebe7q@blog.com', 1),
(331, 'Roarke Tourne', '4 Bowman Alley', '314-838-7766', 'rtourne7r@earthlink.net', 1),
(332, 'Giulio Draysey', '045 Westridge Circle', '368-266-7889', 'gdraysey7s@zdnet.com', 1),
(333, 'Philip Ashbe', '8033 Declaration Pass', '801-345-9307', 'pashbe7t@blinklist.com', 1),
(334, 'Gavan Metschke', '97953 Lakewood Gardens Parkway', '949-304-8072', 'gmetschke7u@independent.co.uk', 1),
(335, 'Gabriell Butterick', '1072 Oneill Way', '193-844-0986', 'gbutterick7v@ifeng.com', 1),
(336, 'Corrinne Nary', '5654 6th Point', '992-851-1296', 'cnary7w@cornell.edu', 1),
(337, 'Bruis Audley', '668 Sutteridge Circle', '436-851-2487', 'baudley7x@multiply.com', 1),
(338, 'Leta Dany', '3279 Namekagon Lane', '844-359-4308', 'ldany7y@phoca.cz', 1),
(339, 'Erny Welburn', '9801 Vidon Center', '145-596-8468', 'ewelburn7z@blogs.com', 1),
(340, 'Ethelind Malpass', '724 Sugar Drive', '259-187-8078', 'emalpass80@google.de', 1),
(341, 'Jewel Meineck', '602 Fulton Place', '450-242-0868', 'jmeineck81@digg.com', 1),
(342, 'Vlad Slowcock', '6554 Brentwood Court', '581-118-7925', 'vslowcock82@google.co.jp', 1),
(343, 'Sarajane Tenwick', '1778 Harbort Parkway', '375-937-5004', 'stenwick83@google.co.uk', 1),
(344, 'Gibb Ludgate', '61 Amoth Plaza', '555-812-0782', 'gludgate84@hatena.ne.jp', 1),
(345, 'Edd Steinhammer', '5590 Golf Way', '669-262-4897', 'esteinhammer85@creativecommons.org', 1),
(346, 'Kenton McClenaghan', '321 Utah Street', '999-518-0438', 'kmcclenaghan86@canalblog.com', 1),
(347, 'Markos Carlino', '058 Muir Junction', '645-871-2865', 'mcarlino87@desdev.cn', 1),
(348, 'Odele Milesap', '50035 Scofield Lane', '791-784-7276', 'omilesap88@usatoday.com', 1),
(349, 'Baxter Yitzowitz', '24 Springs Circle', '470-260-1638', 'byitzowitz89@moonfruit.com', 1),
(350, 'Myrtia Kiln', '34 American Ash Point', '596-669-1960', 'mkiln8a@baidu.com', 1),
(351, 'Lambert Paffitt', '3 Dwight Pass', '984-949-2950', 'lpaffitt8b@prnewswire.com', 1),
(352, 'Antonio Taborre', '89 Forest Pass', '778-822-9184', 'ataborre8c@cbslocal.com', 1),
(353, 'Alexei Briat', '35194 Portage Trail', '435-463-5234', 'abriat8d@biblegateway.com', 1),
(354, 'Em Gamage', '76 Green Ridge Circle', '804-936-7151', 'egamage8e@privacy.gov.au', 1),
(355, 'Scarface Shaw', '2 Union Court', '238-310-7028', 'sshaw8f@yahoo.co.jp', 1),
(356, 'Athena Tessyman', '207 American Terrace', '512-206-9357', 'atessyman8g@clickbank.net', 1),
(357, 'Sheri Harradine', '98 Bunker Hill Lane', '578-254-8052', 'sharradine8h@illinois.edu', 1),
(358, 'Kariotta Noads', '0226 John Wall Center', '370-332-9700', 'knoads8i@craigslist.org', 1),
(359, 'Spence Gaukroger', '1336 Mandrake Avenue', '408-138-6699', 'sgaukroger8j@msu.edu', 1),
(360, 'Evey Albro', '400 Homewood Street', '789-562-2903', 'ealbro8k@hp.com', 1),
(361, 'Nady St. Clair', '296 Bellgrove Road', '460-908-2513', 'nst8l@livejournal.com', 1),
(362, 'Afton Rasell', '5 Clarendon Crossing', '565-669-4539', 'arasell8m@techcrunch.com', 1),
(363, 'Mic Carbine', '88 Butterfield Road', '867-675-2726', 'mcarbine8n@exblog.jp', 1),
(364, 'Pall Selby', '2 Bay Trail', '646-939-9102', 'pselby8o@over-blog.com', 1),
(365, 'Solomon Boyse', '094 Chinook Junction', '454-120-3237', 'sboyse8p@chicagotribune.com', 1),
(366, 'Riley Wickey', '2991 Amoth Drive', '905-676-8174', 'rwickey8q@umich.edu', 1),
(367, 'Gusta Brader', '004 Clarendon Lane', '910-984-0150', 'gbrader8r@yahoo.co.jp', 1),
(368, 'Thomas Guillem', '713 Melrose Park', '931-573-3878', 'tguillem8s@newyorker.com', 1),
(369, 'Edin Biskup', '450 Crowley Drive', '762-108-1794', 'ebiskup8t@theguardian.com', 1),
(370, 'Buddie Tortice', '8893 Drewry Hill', '809-767-3698', 'btortice8u@elegantthemes.com', 1),
(371, 'Trudy Skellen', '66984 Scoville Park', '584-399-3288', 'tskellen8v@foxnews.com', 1),
(372, 'Galina Von Oertzen', '78268 Katie Junction', '476-520-3359', 'gvon8w@t-online.de', 1),
(373, 'Natasha Jahnisch', '22805 Kropf Drive', '449-526-9856', 'njahnisch8x@icq.com', 1),
(374, 'Broddy Cumbes', '23663 Knutson Terrace', '736-624-0008', 'bcumbes8y@dedecms.com', 1),
(375, 'Meade Wiffler', '97545 Quincy Street', '166-298-9354', 'mwiffler8z@furl.net', 1),
(376, 'Barbette Oehm', '13 Pierstorff Alley', '814-521-9104', 'boehm90@github.io', 1),
(377, 'Madelaine Leuren', '29800 Loftsgordon Court', '822-853-5201', 'mleuren91@va.gov', 1),
(378, 'Stepha Woodyer', '4513 Pawling Center', '860-126-1218', 'swoodyer92@chron.com', 1),
(379, 'Kirbee Lorenzetti', '87010 3rd Parkway', '794-819-6223', 'klorenzetti93@sogou.com', 1),
(380, 'Gerta Luney', '6535 Arapahoe Trail', '160-206-2775', 'gluney94@oaic.gov.au', 1),
(381, 'Gates Liddicoat', '3149 Crowley Drive', '596-354-6716', 'gliddicoat95@behance.net', 1),
(382, 'Gibbie Kobierzycki', '87 Cottonwood Center', '747-707-2476', 'gkobierzycki96@google.ru', 1),
(383, 'Meridith Guiel', '585 Old Shore Point', '154-419-3261', 'mguiel97@amazon.com', 1),
(384, 'Ora Dolling', '5316 Hudson Court', '290-301-1135', 'odolling98@chicagotribune.com', 1),
(385, 'Barnebas Vorley', '10787 Browning Park', '816-177-9307', 'bvorley99@nydailynews.com', 1),
(386, 'Domenico Jurgensen', '29955 Ramsey Alley', '516-370-2658', 'djurgensen9a@shareasale.com', 1),
(387, 'Keary O\' Hanvey', '34 Badeau Junction', '533-443-3754', 'ko9b@cafepress.com', 1),
(388, 'Quentin Tynan', '70089 Fallview Road', '370-201-8977', 'qtynan9c@google.com.au', 1),
(389, 'Daffi Millican', '2 Bayside Terrace', '687-665-1645', 'dmillican9d@europa.eu', 1),
(390, 'Sigismondo Meeson', '28 Stone Corner Circle', '394-416-1957', 'smeeson9e@jiathis.com', 1),
(391, 'Zahara Meffan', '805 Burning Wood Hill', '356-442-1993', 'zmeffan9f@prnewswire.com', 1),
(392, 'Ki Alleyn', '23 Roth Hill', '361-264-7658', 'kalleyn9g@flavors.me', 1),
(393, 'Ardeen Waberer', '975 Texas Road', '668-581-3349', 'awaberer9h@examiner.com', 1),
(394, 'Adamo Barrow', '30 Texas Court', '886-560-2832', 'abarrow9i@studiopress.com', 1),
(395, 'Pebrook Yarr', '507 Northport Lane', '844-404-1554', 'pyarr9j@ow.ly', 1),
(396, 'Davita Bloomer', '5975 Darwin Trail', '225-796-3465', 'dbloomer9k@opera.com', 1),
(397, 'Caryn Avramow', '11 Heffernan Center', '995-792-4948', 'cavramow9l@miibeian.gov.cn', 1),
(398, 'Juana Guard', '2 Derek Street', '226-462-1995', 'jguard9m@163.com', 1),
(399, 'Micheline Cowan', '5 Kim Lane', '803-874-0043', 'mcowan9n@mtv.com', 1),
(400, 'Rossy Gobourn', '3 Carioca Road', '156-382-8495', 'rgobourn9o@chicagotribune.com', 1),
(401, 'Charmaine Willishire', '797 Maryland Plaza', '909-901-7013', 'cwillishire9p@behance.net', 1),
(402, 'Barnabe Manners', '15827 Dapin Center', '543-434-4765', 'bmanners9q@amazon.co.uk', 1),
(403, 'Pasquale Ebi', '53 Southridge Alley', '461-156-9030', 'pebi9r@gmpg.org', 1),
(404, 'Roz Collisson', '8 Union Pass', '847-151-2038', 'rcollisson9s@msu.edu', 1),
(405, 'Land Sudran', '177 Sunbrook Circle', '818-976-6845', 'lsudran9t@vkontakte.ru', 1),
(406, 'Brena Sturney', '72 Veith Hill', '142-957-1886', 'bsturney9u@princeton.edu', 1),
(407, 'Maryanna Nichols', '5011 Lawn Alley', '340-664-9847', 'mnichols9v@tuttocitta.it', 1),
(408, 'Ramonda Bullant', '9 Dawn Junction', '432-492-1619', 'rbullant9w@ftc.gov', 1),
(409, 'Temp McCaighey', '584 Monica Place', '511-871-2188', 'tmccaighey9x@berkeley.edu', 1),
(410, 'Izaak Dawdary', '35 Anniversary Circle', '918-573-7556', 'idawdary9y@bloomberg.com', 1),
(411, 'Kathie Enos', '60483 Sugar Road', '801-621-6331', 'kenos9z@bing.com', 1),
(412, 'Monroe Canero', '5159 Evergreen Court', '147-483-5062', 'mcaneroa0@elegantthemes.com', 1),
(413, 'Henrieta Tooting', '9481 Starling Way', '287-502-6254', 'htootinga1@tinypic.com', 1),
(414, 'Jayne Duckworth', '6 Dakota Place', '212-132-4104', 'jduckwortha2@prlog.org', 1),
(415, 'Granthem Yelding', '056 Roxbury Place', '130-264-3965', 'gyeldinga3@istockphoto.com', 1),
(416, 'Palm Riddiough', '48 Westerfield Way', '618-259-1908', 'priddiougha4@yahoo.co.jp', 1),
(417, 'Hugibert Bottom', '26481 Kings Court', '151-529-1931', 'hbottoma5@ocn.ne.jp', 1),
(418, 'Reeva Stallibrass', '70413 Oriole Junction', '872-193-9605', 'rstallibrassa6@blogspot.com', 1),
(419, 'Ethelin Ruilton', '9 Lake View Trail', '323-760-0788', 'eruiltona7@nsw.gov.au', 1),
(420, 'Arley Carbett', '521 Westridge Hill', '459-599-3307', 'acarbetta8@ft.com', 1),
(421, 'Hillery Tilby', '838 Clemons Terrace', '334-546-1202', 'htilbya9@msn.com', 1),
(422, 'Amity Lashbrook', '752 Summit Road', '256-959-7945', 'alashbrookaa@addtoany.com', 1),
(423, 'Marget Skotcher', '3 Dennis Avenue', '675-512-3421', 'mskotcherab@harvard.edu', 1),
(424, 'Patsy Bridie', '770 Anhalt Terrace', '585-766-5251', 'pbridieac@census.gov', 1),
(425, 'Jeddy Simonite', '79 Barnett Road', '975-923-5801', 'jsimonitead@cdc.gov', 1),
(426, 'Briny Doram', '59643 Eagle Crest Drive', '318-236-8258', 'bdoramae@ifeng.com', 1),
(427, 'Jena Erni', '26 Badeau Center', '946-509-6490', 'jerniaf@loc.gov', 1),
(428, 'Charlton Catherick', '9 Rockefeller Crossing', '963-914-1896', 'ccatherickag@twitpic.com', 1),
(429, 'Randi Frost', '0 Ronald Regan Circle', '143-900-1273', 'rfrostah@wunderground.com', 1),
(430, 'Kasper Roches', '78 Delladonna Court', '411-232-1817', 'krochesai@51.la', 1),
(431, 'Fabian Gobbet', '1720 Jenna Drive', '447-958-2287', 'fgobbetaj@mapy.cz', 1),
(432, 'Baillie Cinderey', '0 Nelson Point', '798-753-6583', 'bcindereyak@liveinternet.ru', 1),
(433, 'Tamara Renault', '3 Dryden Alley', '259-920-5556', 'trenaultal@buzzfeed.com', 1),
(434, 'Marilee Nicholas', '413 Lien Trail', '890-863-5647', 'mnicholasam@about.com', 1),
(435, 'Alina Chasmar', '04229 Manitowish Lane', '217-928-9998', 'achasmaran@csmonitor.com', 1),
(436, 'Bel Matthewes', '42842 Sheridan Park', '226-830-4988', 'bmatthewesao@360.cn', 1),
(437, 'Doralyn Balthasar', '653 Susan Park', '646-614-3758', 'dbalthasarap@instagram.com', 1),
(438, 'Wes Fawdrey', '63 Elka Park', '824-804-9127', 'wfawdreyaq@china.com.cn', 1),
(439, 'Wynn Banford', '895 Stone Corner Trail', '677-752-1220', 'wbanfordar@odnoklassniki.ru', 1),
(440, 'Annelise Ashall', '6 Golden Leaf Lane', '606-422-8025', 'aashallas@ycombinator.com', 1),
(441, 'Othilia Gornall', '697 Annamark Pass', '557-906-5983', 'ogornallat@nymag.com', 1),
(442, 'Gleda O\'Lenane', '38476 Milwaukee Terrace', '110-530-7479', 'golenaneau@flickr.com', 1),
(443, 'Hayes Gumey', '7865 Rockefeller Center', '810-746-9860', 'hgumeyav@weather.com', 1),
(444, 'Stefanie Goodman', '064 Larry Center', '928-288-9336', 'sgoodmanaw@mapy.cz', 1),
(445, 'Bear Bein', '8731 Elmside Park', '661-815-8958', 'bbeinax@earthlink.net', 1),
(446, 'Addie Twallin', '080 Dwight Parkway', '802-109-7290', 'atwallinay@senate.gov', 1),
(447, 'Carlota Jindrich', '30 Ruskin Pass', '706-720-5067', 'cjindrichaz@deliciousdays.com', 1),
(448, 'Noami Mayze', '216 Fieldstone Pass', '884-361-5499', 'nmayzeb0@biblegateway.com', 1),
(449, 'Gwenette Simonutti', '07540 Westridge Terrace', '356-795-2032', 'gsimonuttib1@seattletimes.com', 1),
(450, 'Rudyard Humfrey', '2 Jenifer Hill', '303-332-0165', 'rhumfreyb2@booking.com', 1),
(451, 'Thalia Andrzejewski', '15 Everett Way', '429-276-1394', 'tandrzejewskib3@hexun.com', 1),
(452, 'Miran McCahill', '71392 Straubel Point', '339-534-2854', 'mmccahillb4@webs.com', 1),
(453, 'Petrina Lecordier', '92240 Mosinee Avenue', '429-600-7494', 'plecordierb5@ucsd.edu', 1),
(454, 'Pete Fawks', '41529 Randy Circle', '872-475-2525', 'pfawksb6@nationalgeographic.com', 1),
(455, 'Tedra Lebrun', '65403 Nelson Way', '632-373-8303', 'tlebrunb7@house.gov', 1),
(456, 'Richard Folley', '7928 Pepper Wood Drive', '814-302-1861', 'rfolleyb8@goodreads.com', 1),
(457, 'Ailene Lindeboom', '17499 Cardinal Terrace', '705-403-8249', 'alindeboomb9@ovh.net', 1),
(458, 'Elia Pidcock', '108 Petterle Trail', '461-302-2474', 'epidcockba@yellowbook.com', 1),
(459, 'Jeanna Luipold', '348 Fuller Point', '496-596-1899', 'jluipoldbb@so-net.ne.jp', 1),
(460, 'Aurie Gamett', '4 Vidon Circle', '330-865-9346', 'agamettbc@friendfeed.com', 1),
(461, 'Dorrie Corker', '54941 Pleasure Hill', '899-115-1112', 'dcorkerbd@howstuffworks.com', 1),
(462, 'Monica Fergyson', '5 Cherokee Crossing', '981-273-3068', 'mfergysonbe@g.co', 1),
(463, 'Averell Radin', '954 Hermina Court', '455-106-6607', 'aradinbf@indiegogo.com', 1),
(464, 'Nicholle Delyth', '1 Sunnyside Point', '495-694-7536', 'ndelythbg@army.mil', 1),
(465, 'Nara Hefford', '7 Becker Trail', '697-796-2037', 'nheffordbh@geocities.com', 1),
(466, 'Baily Aery', '96036 Valley Edge Alley', '825-486-1015', 'baerybi@paginegialle.it', 1),
(467, 'Stanfield Loche', '363 Park Meadow Avenue', '738-581-1971', 'slochebj@ebay.com', 1),
(468, 'Carver Moulsdale', '8 Cascade Lane', '454-984-2752', 'cmoulsdalebk@instagram.com', 1),
(469, 'Minnnie Flohard', '72 Tony Way', '402-414-1113', 'mflohardbl@newyorker.com', 1),
(470, 'Brandy Tattoo', '334 4th Drive', '956-968-4350', 'btattoobm@ftc.gov', 1),
(471, 'Yorke Bickell', '33325 Sherman Terrace', '486-163-1168', 'ybickellbn@pcworld.com', 1),
(472, 'Constancia Tippings', '3 Rieder Plaza', '326-889-3693', 'ctippingsbo@chronoengine.com', 1),
(473, 'Ginnifer Benger', '07 Golden Leaf Plaza', '809-624-6173', 'gbengerbp@paginegialle.it', 1),
(474, 'Mikaela Ferrario', '4 2nd Way', '665-341-1278', 'mferrariobq@guardian.co.uk', 1),
(475, 'Hardy Gerrie', '9686 Huxley Plaza', '820-188-7312', 'hgerriebr@ocn.ne.jp', 1),
(476, 'Wanda Addey', '26802 Troy Center', '794-832-3315', 'waddeybs@ning.com', 1),
(477, 'Clay De Meyer', '91 Orin Center', '547-578-3800', 'cdebt@eepurl.com', 1),
(478, 'Erv Jakeman', '7715 Arrowood Crossing', '591-778-6415', 'ejakemanbu@unc.edu', 1),
(479, 'Henrietta Farrimond', '70206 8th Park', '152-415-5788', 'hfarrimondbv@lycos.com', 1),
(480, 'Steffane Rentilll', '1 Crest Line Point', '580-891-3996', 'srentilllbw@ibm.com', 1),
(481, 'Arty Wrennall', '73410 Crowley Point', '358-226-3082', 'awrennallbx@army.mil', 1),
(482, 'Dori Mussared', '333 Caliangt Parkway', '358-110-3861', 'dmussaredby@uiuc.edu', 1),
(483, 'Dennie Brecknell', '145 Montana Lane', '777-541-4031', 'dbrecknellbz@ihg.com', 1),
(484, 'Giselle Polotti', '1412 Caliangt Park', '606-205-5068', 'gpolottic0@guardian.co.uk', 1),
(485, 'Prent Guerra', '61 Nancy Circle', '763-539-7078', 'pguerrac1@theglobeandmail.com', 1),
(486, 'Thorpe Coulthart', '52473 Lindbergh Drive', '516-867-5854', 'tcoulthartc2@123-reg.co.uk', 1),
(487, 'Cornall Ferrey', '7955 Waxwing Junction', '853-260-4265', 'cferreyc3@google.com.hk', 1),
(488, 'Cece Klimshuk', '1 Fuller Street', '971-499-5423', 'cklimshukc4@reddit.com', 1),
(489, 'Antonin Kaine', '61 Fair Oaks Street', '499-427-9054', 'akainec5@prnewswire.com', 1),
(490, 'Darya Simeon', '5559 Coleman Point', '125-650-5012', 'dsimeonc6@flickr.com', 1),
(491, 'Annabella Stidson', '60 Bobwhite Trail', '188-282-6394', 'astidsonc7@google.com', 1),
(492, 'Anette Gonzales', '98 Knutson Street', '865-816-7059', 'agonzalesc8@statcounter.com', 1),
(493, 'Kenna Bail', '7791 Hintze Trail', '343-675-9795', 'kbailc9@hao123.com', 1),
(494, 'Vinny Hallworth', '1 International Way', '197-353-3129', 'vhallworthca@businessinsider.com', 1),
(495, 'Jarrett Hyne', '68791 Fuller Terrace', '373-771-5183', 'jhynecb@slashdot.org', 1),
(496, 'Ichabod Kinnach', '1935 Merchant Center', '962-733-9360', 'ikinnachcc@ucoz.com', 1),
(497, 'Fabien Kollasch', '9 Carey Street', '157-407-9222', 'fkollaschcd@behance.net', 1),
(498, 'Westbrook Hendriksen', '640 Killdeer Alley', '243-317-2571', 'whendriksence@tmall.com', 1),
(499, 'Ewen Towson', '90837 Mcguire Alley', '886-903-8867', 'etowsoncf@forbes.com', 1),
(500, 'Allene Merry', '6705 Spenser Street', '450-366-4328', 'amerrycg@nsw.gov.au', 1),
(501, 'Leyla Sprowles', '2 Hazelcrest Crossing', '140-559-4164', 'lsprowlesch@state.gov', 1),
(502, 'Rancell Normavell', '383 Schurz Circle', '133-510-3216', 'rnormavellci@pen.io', 1),
(503, 'Ringo Anthiftle', '4 Randy Lane', '495-555-2745', 'ranthiftlecj@bing.com', 1),
(504, 'Rinaldo Chapple', '2488 Center Alley', '998-984-9382', 'rchappleck@google.com.br', 1),
(505, 'Harriot Ambrosetti', '844 East Alley', '984-225-4585', 'hambrosetticl@ibm.com', 1),
(506, 'Austin Stedell', '5851 Sommers Parkway', '317-973-0093', 'astedellcm@pagesperso-orange.fr', 1),
(507, 'Denny Winthrop', '03358 Sachtjen Pass', '326-872-8614', 'dwinthropcn@irs.gov', 1),
(508, 'Cassandry Willcock', '6880 Hoard Drive', '799-580-1483', 'cwillcockco@hexun.com', 1),
(509, 'Guthry Ruckman', '0 Hoffman Alley', '743-685-6771', 'gruckmancp@tuttocitta.it', 1),
(510, 'Tove Cottey', '48 North Road', '912-911-0879', 'tcotteycq@vinaora.com', 1),
(511, 'Ericka Cleland', '86972 American Ash Street', '445-126-7352', 'eclelandcr@weather.com', 1),
(512, 'Juana Packington', '3050 Magdeline Alley', '228-932-7549', 'jpackingtoncs@google.com.hk', 1),
(513, 'Steffane Swatridge', '70762 Oakridge Trail', '198-698-5578', 'sswatridgect@berkeley.edu', 1),
(514, 'Adolph Mengue', '803 Mallory Drive', '129-575-5304', 'amenguecu@google.ca', 1),
(515, 'Barbee Ajsik', '662 Granby Hill', '911-403-7048', 'bajsikcv@ehow.com', 1),
(516, 'Gannie Leathers', '903 Mendota Pass', '566-466-8524', 'gleatherscw@globo.com', 1),
(517, 'Timmi Russam', '43 Clyde Gallagher Street', '583-289-9824', 'trussamcx@blogs.com', 1),
(518, 'Barde Munnion', '66099 Hintze Road', '193-539-4906', 'bmunnioncy@quantcast.com', 1),
(519, 'Ashlan Emberton', '16 Armistice Place', '476-994-6385', 'aembertoncz@imageshack.us', 1),
(520, 'Frederico Harbin', '42 Golf Parkway', '859-161-1154', 'fharbind0@nbcnews.com', 1),
(521, 'Norri Rosander', '554 Amoth Trail', '503-626-5446', 'nrosanderd1@artisteer.com', 1),
(522, 'Sherrie Kilmartin', '09223 Dawn Plaza', '150-368-6750', 'skilmartind2@blog.com', 1),
(523, 'Otis Wethered', '62761 Stephen Junction', '768-297-4207', 'owetheredd3@w3.org', 1),
(524, 'Laverna Mustoo', '40903 Jenifer Circle', '665-712-1084', 'lmustood4@archive.org', 1),
(525, 'Tallou Dibling', '2930 Arizona Street', '563-857-8863', 'tdiblingd5@gravatar.com', 1),
(526, 'Calv Grey', '747 Browning Place', '638-964-7705', 'cgreyd6@noaa.gov', 1),
(527, 'Dareen Ovendale', '95908 Moose Circle', '806-912-1003', 'dovendaled7@over-blog.com', 1),
(528, 'Bertine Wolfers', '9 Cottonwood Circle', '507-730-4136', 'bwolfersd8@yolasite.com', 1),
(529, 'Michelle MacAne', '228 Rigney Street', '186-613-6137', 'mmacaned9@dailymotion.com', 1),
(530, 'Lamond Daventry', '96 Grasskamp Trail', '700-978-3256', 'ldaventryda@craigslist.org', 1),
(531, 'Clarence Ugo', '893 Garrison Plaza', '497-152-5919', 'cugodb@edublogs.org', 1),
(532, 'Rosie Curro', '816 Barnett Road', '303-245-1141', 'rcurrodc@elpais.com', 1),
(533, 'Sandie Smitherham', '960 Sommers Plaza', '509-981-0785', 'ssmitherhamdd@4shared.com', 1),
(534, 'Erwin Hymans', '370 Ilene Trail', '173-735-4641', 'ehymansde@dyndns.org', 1),
(535, 'Ewen Jackman', '91753 3rd Trail', '811-810-8576', 'ejackmandf@ycombinator.com', 1),
(536, 'Matthieu Blatcher', '51 Reindahl Road', '788-156-3012', 'mblatcherdg@bigcartel.com', 1),
(537, 'Renard Piscotti', '5 Cottonwood Street', '112-602-2298', 'rpiscottidh@seesaa.net', 1),
(538, 'Frank Domelow', '5 Coleman Circle', '158-328-7977', 'fdomelowdi@bloomberg.com', 1),
(539, 'Welsh Madeley', '85755 Grover Pass', '154-938-5735', 'wmadeleydj@photobucket.com', 1),
(540, 'Georgy Deighan', '8 Forest Run Hill', '799-184-8067', 'gdeighandk@technorati.com', 1),
(541, 'Lolita Mucillo', '676 Esker Lane', '595-346-1639', 'lmucillodl@mlb.com', 1),
(542, 'Vikky Jedrzaszkiewicz', '230 Buena Vista Parkway', '116-240-2828', 'vjedrzaszkiewiczdm@buzzfeed.com', 1),
(543, 'Ashely Popping', '25461 Morrow Plaza', '335-547-9217', 'apoppingdn@parallels.com', 1),
(544, 'Falkner Marchelli', '154 Dixon Parkway', '355-416-1214', 'fmarchellido@eventbrite.com', 1),
(545, 'Deirdre Tranckle', '69142 Pleasure Junction', '117-930-8414', 'dtranckledp@weather.com', 1),
(546, 'Nicolais Kleinfeld', '063 Johnson Street', '341-174-0614', 'nkleinfelddq@ycombinator.com', 1),
(547, 'Cristy Dorn', '79462 Dwight Parkway', '438-801-1890', 'cdorndr@businessweek.com', 1),
(548, 'Cathrin Jeanel', '12 Maple Pass', '363-563-9757', 'cjeanelds@fema.gov', 1),
(549, 'Jaymee Crucitti', '5 Loeprich Terrace', '802-541-5409', 'jcrucittidt@bloglovin.com', 1),
(550, 'Bary Tippell', '81604 Lakewood Pass', '414-520-4261', 'btippelldu@clickbank.net', 1),
(551, 'Arch Crux', '68 Orin Junction', '685-238-3007', 'acruxdv@scientificamerican.com', 1),
(552, 'Sidonia Klich', '1 Springs Road', '824-147-4569', 'sklichdw@nymag.com', 1),
(553, 'Gifford Rosina', '0785 Shelley Pass', '403-219-1637', 'grosinadx@deliciousdays.com', 1),
(554, 'Eli Tancock', '24 Sunnyside Trail', '209-343-8635', 'etancockdy@businessinsider.com', 1),
(555, 'Jerrome Jakeman', '2 Myrtle Street', '593-877-5085', 'jjakemandz@fc2.com', 1),
(556, 'Egbert Askham', '21 Ruskin Junction', '976-430-0014', 'easkhame0@nifty.com', 1),
(557, 'Harriott Van der Linde', '41467 Glacier Hill Trail', '695-819-5812', 'hvane1@examiner.com', 1),
(558, 'Emanuel Dickinson', '933 Mallard Court', '130-796-7359', 'edickinsone2@webs.com', 1),
(559, 'Orville Kelloway', '15087 Burrows Park', '599-383-9015', 'okellowaye3@istockphoto.com', 1),
(560, 'Oriana Guillon', '6733 Lyons Terrace', '802-578-0288', 'oguillone4@webeden.co.uk', 1),
(561, 'Idell Gaiter', '9 Meadow Ridge Center', '988-392-4032', 'igaitere5@sbwire.com', 1),
(562, 'Gerta Rizon', '30817 Buell Lane', '681-427-6171', 'grizone6@wisc.edu', 1),
(563, 'Florian Antrag', '9 Caliangt Terrace', '691-490-8418', 'fantrage7@gov.uk', 1),
(564, 'Hakim Mulchrone', '881 Commercial Park', '288-474-2040', 'hmulchronee8@amazon.co.jp', 1),
(565, 'Norah Jedrzejczak', '67 Sheridan Lane', '812-245-8199', 'njedrzejczake9@wisc.edu', 1),
(566, 'Darbee Torbard', '527 Mifflin Road', '172-250-7341', 'dtorbardea@fema.gov', 1),
(567, 'Dotti Falkus', '6 Fulton Street', '546-465-7388', 'dfalkuseb@statcounter.com', 1),
(568, 'Martie Gogarty', '20 Merchant Junction', '258-336-1928', 'mgogartyec@un.org', 1),
(569, 'Bonni Rodenhurst', '452 Schurz Center', '336-114-8529', 'brodenhursted@pagesperso-orange.fr', 1),
(570, 'Buffy Moakes', '56 Sherman Circle', '107-681-5255', 'bmoakesee@jimdo.com', 1),
(571, 'Alison Nelthrop', '86 Southridge Lane', '704-626-0533', 'anelthropef@amazonaws.com', 1),
(572, 'Anne-marie Domenichini', '689 Farragut Lane', '760-776-1660', 'adomenichinieg@eepurl.com', 1),
(573, 'Myrta Eppson', '6705 Haas Street', '880-790-4947', 'meppsoneh@youtube.com', 1),
(574, 'Carla Gibb', '36093 Saint Paul Pass', '387-582-3630', 'cgibbei@facebook.com', 1),
(575, 'Savina Kment', '4517 Moose Plaza', '386-622-9492', 'skmentej@sun.com', 1),
(576, 'Dilan Stennes', '0304 Loeprich Way', '942-853-2513', 'dstennesek@last.fm', 1),
(577, 'Conn Jacobbe', '8 Maywood Alley', '325-410-9402', 'cjacobbeel@theatlantic.com', 1),
(578, 'Drud Paiton', '4 Badeau Center', '894-960-2551', 'dpaitonem@addtoany.com', 1),
(579, 'Viviene Schrir', '57 Portage Drive', '233-908-2587', 'vschriren@stumbleupon.com', 1),
(580, 'Virgil Iwanczyk', '3297 Reinke Avenue', '231-868-4206', 'viwanczykeo@state.gov', 1),
(581, 'Allister Roddick', '04 Moland Road', '522-676-0156', 'aroddickep@reddit.com', 1),
(582, 'Benoit Mabbs', '78 Hoard Street', '103-503-6806', 'bmabbseq@issuu.com', 1),
(583, 'Anna-diana Merali', '2042 Doe Crossing Center', '614-788-2448', 'ameralier@hao123.com', 1),
(584, 'Kitty Alyoshin', '67 Macpherson Pass', '666-394-9157', 'kalyoshines@nyu.edu', 1),
(585, 'Doralynn Ianiello', '0964 Messerschmidt Drive', '478-253-0292', 'dianielloet@diigo.com', 1),
(586, 'Parsifal Jarrard', '15 Buena Vista Circle', '638-390-6529', 'pjarrardeu@wikimedia.org', 1),
(587, 'Aristotle Swyn', '0 Badeau Parkway', '735-311-6418', 'aswynev@gmpg.org', 1),
(588, 'Greggory Cranage', '0431 Bunting Hill', '155-682-0861', 'gcranageew@skype.com', 1),
(589, 'Boycey Stonham', '96874 Veith Street', '152-604-7444', 'bstonhamex@webeden.co.uk', 1),
(590, 'Kori Benini', '49 Lawn Alley', '562-372-4655', 'kbeniniey@clickbank.net', 1),
(591, 'Jacquetta Jackalin', '526 American Trail', '932-405-3967', 'jjackalinez@feedburner.com', 1),
(592, 'Dot Dodswell', '04222 Kensington Terrace', '401-423-4100', 'ddodswellf0@wikia.com', 1),
(593, 'Nathanil Toffalo', '14 Esker Trail', '545-207-7167', 'ntoffalof1@sciencedirect.com', 1),
(594, 'Herbert Reckus', '272 Sycamore Hill', '581-767-2322', 'hreckusf2@ocn.ne.jp', 1),
(595, 'Ursulina Levin', '91 Westport Point', '343-164-4037', 'ulevinf3@tinypic.com', 1),
(596, 'Pammi Siuda', '8 Mandrake Pass', '435-279-4606', 'psiudaf4@elegantthemes.com', 1),
(597, 'Maddi Grebert', '896 Ramsey Way', '316-320-5847', 'mgrebertf5@hao123.com', 1),
(598, 'Lindon Spiring', '77746 Elmside Place', '162-568-9298', 'lspiringf6@histats.com', 1),
(599, 'Dru Tamlett', '1 Morningstar Avenue', '133-644-3564', 'dtamlettf7@ted.com', 1);
INSERT INTO `customers` (`customer_id`, `customer_name`, `customer_address`, `customer_phone`, `customer_email`, `customer_status`) VALUES
(600, 'Kizzee Matignon', '39 Waxwing Street', '373-194-2350', 'kmatignonf8@paginegialle.it', 1),
(601, 'Nedda Cureton', '438 American Ash Circle', '455-988-7616', 'ncuretonf9@nba.com', 1),
(602, 'Gar Iannini', '27670 Sage Alley', '178-560-3721', 'gianninifa@berkeley.edu', 1),
(603, 'Iseabal Turvie', '04 Moulton Park', '217-296-0499', 'iturviefb@ameblo.jp', 1),
(604, 'Joly Boyan', '75930 Crowley Junction', '293-305-0544', 'jboyanfc@microsoft.com', 1),
(605, 'Mathias Stack', '34136 Clyde Gallagher Plaza', '454-887-7090', 'mstackfd@e-recht24.de', 1),
(606, 'Stearne Pohling', '25 Declaration Center', '308-105-4075', 'spohlingfe@geocities.com', 1),
(607, 'Flori Washtell', '6857 Memorial Parkway', '956-789-1617', 'fwashtellff@edublogs.org', 1),
(608, 'Meg Broadey', '2 Shopko Plaza', '920-739-5311', 'mbroadeyfg@engadget.com', 1),
(609, 'Natassia Noseworthy', '18 Prentice Junction', '607-893-6667', 'nnoseworthyfh@drupal.org', 1),
(610, 'Donelle Rubinchik', '0435 Novick Trail', '752-905-8291', 'drubinchikfi@google.com.hk', 1),
(611, 'Micky Munroe', '09427 Morrow Hill', '403-734-4091', 'mmunroefj@paypal.com', 1),
(612, 'Shelli Kaesmakers', '6136 North Avenue', '367-135-7824', 'skaesmakersfk@noaa.gov', 1),
(613, 'Orelia Sawdon', '3 Walton Parkway', '717-699-2153', 'osawdonfl@typepad.com', 1),
(614, 'Roddy Slocumb', '632 Doe Crossing Alley', '373-983-1412', 'rslocumbfm@amazon.de', 1),
(615, 'Odette Rickerby', '36 Sutherland Court', '686-721-4570', 'orickerbyfn@desdev.cn', 1),
(616, 'Diandra Mantione', '37 Utah Drive', '419-342-8047', 'dmantionefo@dion.ne.jp', 1),
(617, 'Aymer Clerke', '4 Dahle Point', '541-229-6525', 'aclerkefp@umich.edu', 1),
(618, 'Angus Crat', '62 Marquette Crossing', '244-498-9726', 'acratfq@google.com.hk', 1),
(619, 'Cairistiona Bauer', '97 Declaration Lane', '989-984-6890', 'cbauerfr@scientificamerican.com', 1),
(620, 'Ogdon Prandini', '7 Charing Cross Avenue', '115-324-6587', 'oprandinifs@ocn.ne.jp', 1),
(621, 'Luce Togwell', '7389 Del Sol Alley', '444-460-6319', 'ltogwellft@forbes.com', 1),
(622, 'Elaine Ostrich', '15018 West Circle', '124-332-8471', 'eostrichfu@princeton.edu', 1),
(623, 'Candis Jiroudek', '984 Lakewood Gardens Drive', '827-865-0158', 'cjiroudekfv@quantcast.com', 1),
(624, 'Christan Dictus', '339 Ludington Way', '901-572-9796', 'cdictusfw@accuweather.com', 1),
(625, 'Johnnie Shaxby', '8311 Hoepker Trail', '533-348-9728', 'jshaxbyfx@berkeley.edu', 1),
(626, 'Tad Ramey', '402 Amoth Place', '864-181-8341', 'trameyfy@phpbb.com', 1),
(627, 'Neils Peetermann', '18 Farwell Junction', '976-903-4945', 'npeetermannfz@posterous.com', 1),
(628, 'Emmott Joscelyn', '17063 Ohio Plaza', '178-954-0612', 'ejoscelyng0@tripod.com', 1),
(629, 'Roze Beddoes', '231 Express Park', '555-792-6121', 'rbeddoesg1@guardian.co.uk', 1),
(630, 'Domini Howorth', '13377 Petterle Terrace', '465-139-9977', 'dhoworthg2@canalblog.com', 1),
(631, 'Alena Fivey', '347 Columbus Center', '764-298-0278', 'afiveyg3@woothemes.com', 1),
(632, 'Maud Walkden', '6 Laurel Avenue', '458-500-3263', 'mwalkdeng4@china.com.cn', 1),
(633, 'Estevan Maso', '59 Starling Center', '400-509-7611', 'emasog5@umn.edu', 1),
(634, 'Gerry Girardin', '092 Bashford Plaza', '536-371-7566', 'ggirarding6@cdbaby.com', 1),
(635, 'Cathryn Jopke', '65 Springview Place', '443-861-7632', 'cjopkeg7@biblegateway.com', 1),
(636, 'Dorris Wallbridge', '74569 Twin Pines Point', '136-419-1229', 'dwallbridgeg8@w3.org', 1),
(637, 'Freedman Silverthorne', '85 Shelley Court', '729-165-6121', 'fsilverthorneg9@ed.gov', 1),
(638, 'Barde Danielsohn', '843 Morning Crossing', '281-779-0142', 'bdanielsohnga@timesonline.co.uk', 1),
(639, 'Franz Almond', '10105 Buell Drive', '703-984-7234', 'falmondgb@pagesperso-orange.fr', 1),
(640, 'Ferdinand McNab', '2 Vermont Pass', '553-842-2959', 'fmcnabgc@mit.edu', 1),
(641, 'Darryl Barzen', '51477 Artisan Court', '641-306-0854', 'dbarzengd@so-net.ne.jp', 1),
(642, 'Dewitt Cottam', '858 Bultman Crossing', '721-460-1594', 'dcottamge@amazon.com', 1),
(643, 'Levey McCollum', '58759 Kedzie Trail', '210-243-1819', 'lmccollumgf@springer.com', 1),
(644, 'Benita Goney', '477 Pepper Wood Lane', '545-975-8415', 'bgoneygg@scientificamerican.com', 1),
(645, 'Malvina Pashler', '3 Sugar Avenue', '839-395-9184', 'mpashlergh@tumblr.com', 1),
(646, 'Branden Abade', '23250 Logan Junction', '253-218-3552', 'babadegi@phpbb.com', 1),
(647, 'Erasmus Widdop', '8756 Toban Avenue', '310-912-9631', 'ewiddopgj@simplemachines.org', 1),
(648, 'Lalo Carrol', '570 Transport Center', '980-988-0994', 'lcarrolgk@google.nl', 1),
(649, 'Teri Gammel', '2814 Blue Bill Park Lane', '575-186-9799', 'tgammelgl@tamu.edu', 1),
(650, 'Linea Rossin', '1 Kipling Trail', '320-119-4353', 'lrossingm@tamu.edu', 1),
(651, 'Starla Wanka', '32734 Sheridan Pass', '109-978-5906', 'swankagn@un.org', 1),
(652, 'Sheila-kathryn Izakof', '91 Kensington Drive', '250-923-3597', 'sizakofgo@jugem.jp', 1),
(653, 'Aidan Conneely', '94 Ronald Regan Circle', '383-877-8015', 'aconneelygp@pcworld.com', 1),
(654, 'Devin Winsiowiecki', '3 Summit Avenue', '915-642-6186', 'dwinsiowieckigq@soup.io', 1),
(655, 'Harriot Jeffress', '81720 Clove Drive', '748-828-7694', 'hjeffressgr@dot.gov', 1),
(656, 'Elbert Deeth', '23 Charing Cross Drive', '637-549-2978', 'edeethgs@shop-pro.jp', 1),
(657, 'Cleve Poulton', '46599 Merchant Junction', '293-278-3332', 'cpoultongt@angelfire.com', 1),
(658, 'Kissie Downs', '238 Gerald Terrace', '418-798-3292', 'kdownsgu@epa.gov', 1),
(659, 'Korey Knight', '22996 Fieldstone Crossing', '202-956-5132', 'kknightgv@uol.com.br', 1),
(660, 'Hubie Ginnally', '45 Fuller Hill', '947-545-6215', 'hginnallygw@4shared.com', 1),
(661, 'Myles Balogun', '38 Moland Drive', '667-830-3413', 'mbalogungx@hatena.ne.jp', 1),
(662, 'Jeanine Maseyk', '106 Anniversary Parkway', '928-124-9542', 'jmaseykgy@yahoo.co.jp', 1),
(663, 'Raff Ashbrook', '9 Summerview Lane', '463-361-9718', 'rashbrookgz@economist.com', 1),
(664, 'Garrard Deehan', '917 Sugar Crossing', '688-300-2546', 'gdeehanh0@wix.com', 1),
(665, 'Adolph Keneforde', '63690 Sachs Crossing', '721-254-9101', 'akenefordeh1@ibm.com', 1),
(666, 'Caddric Rumbold', '006 Crownhardt Center', '637-731-3519', 'crumboldh2@feedburner.com', 1),
(667, 'Godard Docksey', '5 Norway Maple Junction', '374-274-1095', 'gdockseyh3@lycos.com', 1),
(668, 'Alene Rawlinson', '382 Algoma Alley', '690-191-4882', 'arawlinsonh4@buzzfeed.com', 1),
(669, 'Imelda Jiggen', '48 Pierstorff Parkway', '178-835-4694', 'ijiggenh5@virginia.edu', 1),
(670, 'Zacharia Caron', '97167 Fuller Crossing', '890-756-4069', 'zcaronh6@netlog.com', 1),
(671, 'Sollie Northall', '1093 Ridge Oak Trail', '834-712-4800', 'snorthallh7@paypal.com', 1),
(672, 'Beverly Betham', '7697 Summit Junction', '280-786-5997', 'bbethamh8@ed.gov', 1),
(673, 'Cinda Birchner', '02 Burning Wood Lane', '768-454-2394', 'cbirchnerh9@creativecommons.org', 1),
(674, 'Bryan Digance', '5219 Loeprich Plaza', '363-909-5898', 'bdiganceha@furl.net', 1),
(675, 'Mallory Pickworth', '78 Sherman Hill', '704-475-1989', 'mpickworthhb@pbs.org', 1),
(676, 'Gratiana Dincey', '9 Welch Plaza', '473-954-7108', 'gdinceyhc@yellowpages.com', 1),
(677, 'Madlin Lakes', '38 Kim Hill', '605-395-1316', 'mlakeshd@imgur.com', 1),
(678, 'Carlynn Polye', '848 Sauthoff Trail', '485-997-7267', 'cpolyehe@businessinsider.com', 1),
(679, 'Alfi Scales', '3893 Michigan Hill', '939-818-0739', 'ascaleshf@ehow.com', 1),
(680, 'Norene Webburn', '6 Oriole Parkway', '873-427-2508', 'nwebburnhg@salon.com', 1),
(681, 'Othella Ducker', '1211 Jenna Point', '781-576-5301', 'oduckerhh@comcast.net', 1),
(682, 'Leah Buney', '19 American Ash Drive', '119-239-4467', 'lbuneyhi@google.de', 1),
(683, 'Myrwyn Greensite', '74 Hazelcrest Alley', '170-117-1718', 'mgreensitehj@indiegogo.com', 1),
(684, 'Judon Lappin', '570 Mesta Terrace', '578-628-4188', 'jlappinhk@dmoz.org', 1),
(685, 'Osbert Braybrook', '0967 Colorado Drive', '527-725-5129', 'obraybrookhl@cargocollective.com', 1),
(686, 'Marinna McIlvenny', '0 Moose Avenue', '298-669-5185', 'mmcilvennyhm@blinklist.com', 1),
(687, 'Galina Zoellner', '17 Old Shore Circle', '569-320-1224', 'gzoellnerhn@hc360.com', 1),
(688, 'Ashia Moodey', '0 Buhler Lane', '646-274-2572', 'amoodeyho@reference.com', 1),
(689, 'Tamqrah Hawkswood', '33193 Weeping Birch Place', '653-232-6697', 'thawkswoodhp@time.com', 1),
(690, 'Moss Baildon', '4907 Riverside Point', '224-100-6566', 'mbaildonhq@whitehouse.gov', 1),
(691, 'Marilin Demonge', '385 Independence Terrace', '158-448-7108', 'mdemongehr@bbc.co.uk', 1),
(692, 'Sheeree Papierz', '9 8th Circle', '838-710-4328', 'spapierzhs@ebay.com', 1),
(693, 'Elyssa Lucia', '9435 Stuart Park', '697-836-4411', 'eluciaht@quantcast.com', 1),
(694, 'Granville Batthew', '303 Summit Center', '699-120-6942', 'gbatthewhu@abc.net.au', 1),
(695, 'Rebbecca Tilbury', '92535 Comanche Trail', '444-644-9180', 'rtilburyhv@independent.co.uk', 1),
(696, 'Jemie Scrammage', '8745 Monica Park', '527-577-6563', 'jscrammagehw@bluehost.com', 1),
(697, 'Astra Milburn', '94 Center Center', '452-294-7014', 'amilburnhx@tuttocitta.it', 1),
(698, 'Veda Tubridy', '43510 Lunder Hill', '736-579-1573', 'vtubridyhy@toplist.cz', 1),
(699, 'Gregorio Killen', '258 Green Plaza', '357-312-2390', 'gkillenhz@weibo.com', 1),
(700, 'Manolo Goodlife', '9109 Delladonna Circle', '859-562-3422', 'mgoodlifei0@symantec.com', 1),
(701, 'Adina Chesshire', '3245 Rockefeller Pass', '127-464-6767', 'achesshirei1@a8.net', 1),
(702, 'Bartie Lowensohn', '7 Twin Pines Pass', '387-885-3321', 'blowensohni2@amazon.com', 1),
(703, 'Jewel Ingrem', '5 Anderson Lane', '816-516-8114', 'jingremi3@simplemachines.org', 1),
(704, 'Caty Greg', '8 Monterey Junction', '387-384-7060', 'cgregi4@theguardian.com', 1),
(705, 'Etty Alexandrou', '79371 Heffernan Crossing', '427-672-1299', 'ealexandroui5@spotify.com', 1),
(706, 'Judie Quaife', '14493 Norway Maple Parkway', '925-684-5725', 'jquaifei6@hhs.gov', 1),
(707, 'Fannie Crucitti', '85497 Pawling Hill', '660-595-1676', 'fcrucittii7@ucoz.ru', 1),
(708, 'Blancha Pettie', '88 Pennsylvania Trail', '872-995-3829', 'bpettiei8@desdev.cn', 1),
(709, 'Horton Ginni', '0 Anzinger Avenue', '264-458-6021', 'hginnii9@dropbox.com', 1),
(710, 'Roger Redholls', '54 Dorton Road', '772-164-2805', 'rredhollsia@qq.com', 1),
(711, 'Milicent McGeachie', '260 Steensland Crossing', '648-570-5627', 'mmcgeachieib@ca.gov', 1),
(712, 'Whitby Staff', '02786 Cottonwood Street', '412-413-3438', 'wstaffic@homestead.com', 1),
(713, 'Judi Brookshaw', '4460 Mariners Cove Park', '106-402-9035', 'jbrookshawid@t-online.de', 1),
(714, 'Freddie Greenhouse', '1709 Delladonna Drive', '971-565-9408', 'fgreenhouseie@un.org', 1),
(715, 'Darcy Dudbridge', '59 Golden Leaf Street', '995-957-5680', 'ddudbridgeif@mysql.com', 1),
(716, 'Steffen Hurle', '1395 Ridgeview Hill', '103-247-4811', 'shurleig@cornell.edu', 1),
(717, 'Nan Cornish', '485 Ronald Regan Trail', '558-572-2742', 'ncornishih@goo.ne.jp', 1),
(718, 'Tedda Cordon', '8 Lunder Court', '636-376-6398', 'tcordonii@uol.com.br', 1),
(719, 'Hans Olyet', '8 Ilene Court', '212-539-0958', 'holyetij@state.gov', 1),
(720, 'Lorrin Standering', '5 Quincy Lane', '814-173-9364', 'lstanderingik@mysql.com', 1),
(721, 'Terese Klesel', '41256 Cardinal Drive', '519-592-6646', 'tkleselil@blogger.com', 1),
(722, 'Dody Wiltsher', '231 Northridge Avenue', '679-786-3408', 'dwiltsherim@zdnet.com', 1),
(723, 'Darci Drees', '0 Sachtjen Park', '741-567-7403', 'ddreesin@utexas.edu', 1),
(724, 'Yovonnda Peidro', '82423 Algoma Road', '683-974-7080', 'ypeidroio@ask.com', 1),
(725, 'Marji Scobie', '28251 6th Hill', '801-398-2563', 'mscobieip@amazon.co.jp', 1),
(726, 'Stuart Greir', '7 Prairie Rose Crossing', '362-854-2319', 'sgreiriq@businessinsider.com', 1),
(727, 'Allie Blayd', '1 Dryden Terrace', '696-164-4490', 'ablaydir@360.cn', 1),
(728, 'Merci Dixcee', '20 Atwood Plaza', '731-341-8370', 'mdixceeis@dropbox.com', 1),
(729, 'Harv Haselden', '86140 Bashford Alley', '746-163-8354', 'hhaseldenit@canalblog.com', 1),
(730, 'Pauly Hurley', '0 Nevada Plaza', '536-707-1089', 'phurleyiu@cnn.com', 1),
(731, 'Stacey Crookston', '515 Algoma Trail', '509-692-5830', 'scrookstoniv@nbcnews.com', 1),
(732, 'Lovell Ragbourn', '2 Nova Crossing', '940-943-4796', 'lragbourniw@addthis.com', 1),
(733, 'Joey Swine', '09 Pierstorff Court', '595-161-9662', 'jswineix@wordpress.org', 1),
(734, 'Ruthann Swann', '7610 Badeau Park', '155-942-0663', 'rswanniy@huffingtonpost.com', 1),
(735, 'Sydel MacNeil', '5 Buell Drive', '836-580-9162', 'smacneiliz@dmoz.org', 1),
(736, 'Irving Oldall', '01100 David Avenue', '770-244-7898', 'ioldallj0@stumbleupon.com', 1),
(737, 'Clarice Escale', '5720 Hauk Circle', '519-189-4645', 'cescalej1@kickstarter.com', 1),
(738, 'Jodee Millgate', '0598 Jackson Street', '120-636-5898', 'jmillgatej2@aol.com', 1),
(739, 'Justinn Penchen', '16338 Mandrake Way', '866-958-1424', 'jpenchenj3@amazon.co.jp', 1),
(740, 'Archibaldo Dudley', '73 Nelson Way', '187-380-6052', 'adudleyj4@blogtalkradio.com', 1),
(741, 'Shani Tomaszek', '9130 Shelley Trail', '510-688-2608', 'stomaszekj5@twitter.com', 1),
(742, 'Filip Plose', '3534 Susan Alley', '133-788-9370', 'fplosej6@samsung.com', 1),
(743, 'Klaus Parlour', '232 8th Road', '372-653-7474', 'kparlourj7@indiegogo.com', 1),
(744, 'Hallsy Dowdall', '3 Ilene Avenue', '788-182-7907', 'hdowdallj8@cnet.com', 1),
(745, 'Sanford Semiras', '349 Arapahoe Point', '965-360-0627', 'ssemirasj9@php.net', 1),
(746, 'Bridie Clutram', '13235 Hauk Hill', '267-916-7159', 'bclutramja@weebly.com', 1),
(747, 'Delinda Sturley', '9962 Grover Street', '180-200-4723', 'dsturleyjb@odnoklassniki.ru', 1),
(748, 'Margalo Coggen', '25 Knutson Way', '626-807-0093', 'mcoggenjc@edublogs.org', 1),
(749, 'Alvira Huggins', '718 4th Place', '657-545-5704', 'ahugginsjd@ning.com', 1),
(750, 'Granger Tuiller', '67 Holmberg Junction', '382-272-4457', 'gtuillerje@desdev.cn', 1),
(751, 'Kamilah Wombwell', '32120 7th Drive', '974-460-6348', 'kwombwelljf@surveymonkey.com', 1),
(752, 'Calvin Biddlestone', '49651 Center Trail', '699-103-2108', 'cbiddlestonejg@i2i.jp', 1),
(753, 'Ardella Haynes', '1 Barnett Way', '297-489-6684', 'ahaynesjh@yahoo.com', 1),
(754, 'Rriocard Oguz', '2 Vera Court', '516-591-5053', 'roguzji@printfriendly.com', 1),
(755, 'Enid Siddle', '56575 Pankratz Terrace', '544-640-7919', 'esiddlejj@pen.io', 1),
(756, 'Keefer Macconaghy', '096 Clemons Way', '922-558-6038', 'kmacconaghyjk@sohu.com', 1),
(757, 'Howard Freathy', '3079 Park Meadow Terrace', '837-897-1215', 'hfreathyjl@go.com', 1),
(758, 'Lynn Pala', '48 Clyde Gallagher Hill', '354-462-3430', 'lpalajm@yelp.com', 1),
(759, 'Randolf Stalley', '43762 Redwing Trail', '607-135-8248', 'rstalleyjn@loc.gov', 1),
(760, 'Blondie Vain', '749 Annamark Place', '567-976-9628', 'bvainjo@t.co', 1),
(761, 'Ezechiel Lewtey', '860 Amoth Parkway', '653-513-1117', 'elewteyjp@umn.edu', 1),
(762, 'Toinette Coupland', '898 Ilene Park', '799-561-1893', 'tcouplandjq@ezinearticles.com', 1),
(763, 'Angel Ifill', '34184 North Lane', '834-232-3581', 'aifilljr@disqus.com', 1),
(764, 'Jany McCrossan', '9470 Randy Trail', '280-768-5404', 'jmccrossanjs@geocities.com', 1),
(765, 'Willy Archbald', '3788 Dixon Place', '966-702-3846', 'warchbaldjt@dmoz.org', 1),
(766, 'Donnajean Lipscomb', '0860 Rusk Alley', '368-519-7298', 'dlipscombju@bloglines.com', 1),
(767, 'Kiel Leathart', '4678 Lawn Center', '401-535-6209', 'kleathartjv@blogs.com', 1),
(768, 'Forest Ravens', '35 Corry Lane', '988-600-3553', 'fravensjw@cmu.edu', 1),
(769, 'Tildi Eley', '35 Mesta Drive', '472-613-0845', 'teleyjx@xinhuanet.com', 1),
(770, 'Karlik Bussy', '165 East Way', '380-785-7364', 'kbussyjy@facebook.com', 1),
(771, 'Cariotta De La Hay', '9197 Melby Street', '772-488-2016', 'cdejz@cargocollective.com', 1),
(772, 'Elisabetta Hassall', '80788 Texas Junction', '500-966-5223', 'ehassallk0@huffingtonpost.com', 1),
(773, 'Worden Kearsley', '81678 David Center', '654-952-0266', 'wkearsleyk1@amazonaws.com', 1),
(774, 'Kirk Borrowman', '9912 Golf Course Lane', '381-111-5136', 'kborrowmank2@phoca.cz', 1),
(775, 'Sheelah Trundell', '34831 Golden Leaf Hill', '796-302-5974', 'strundellk3@china.com.cn', 1),
(776, 'Gabie Torri', '49 Chinook Plaza', '258-390-1905', 'gtorrik4@w3.org', 1),
(777, 'Kelsy Whyman', '6328 Red Cloud Parkway', '174-593-5841', 'kwhymank5@dailymotion.com', 1),
(778, 'Barn Greiswood', '7 Truax Junction', '280-776-8674', 'bgreiswoodk6@hugedomains.com', 1),
(779, 'Robinett Bugdale', '708 Oakridge Court', '800-615-9568', 'rbugdalek7@redcross.org', 1),
(780, 'Olenka Wylder', '568 Waubesa Crossing', '379-866-3163', 'owylderk8@hubpages.com', 1),
(781, 'Valry Heathcote', '26 Stoughton Lane', '215-506-8066', 'vheathcotek9@bbb.org', 1),
(782, 'Parker Semaine', '3067 Maywood Parkway', '378-524-3745', 'psemaineka@desdev.cn', 1),
(783, 'Francesco Orum', '47 7th Way', '684-524-1958', 'forumkb@timesonline.co.uk', 1),
(784, 'Mendy Exposito', '81778 Village Hill', '273-342-4973', 'mexpositokc@gizmodo.com', 1),
(785, 'Neill Antonikov', '64 Anderson Point', '598-104-8555', 'nantonikovkd@163.com', 1),
(786, 'Chrystal Martyn', '1 Corscot Drive', '647-319-0478', 'cmartynke@ft.com', 1),
(787, 'Tess Melmar', '14015 Buell Road', '432-521-1356', 'tmelmarkf@cdc.gov', 1),
(788, 'Jasun Katt', '3540 Oak Hill', '680-516-4757', 'jkattkg@va.gov', 1),
(789, 'Rutherford Snoday', '76 Corben Way', '812-621-5321', 'rsnodaykh@google.co.jp', 1),
(790, 'Bronny Farmar', '74710 Sundown Way', '918-244-0332', 'bfarmarki@washington.edu', 1),
(791, 'Micheil Jakoubek', '55198 Canary Place', '309-370-2813', 'mjakoubekkj@telegraph.co.uk', 1),
(792, 'Putnam Winsbury', '48151 Hovde Drive', '970-655-3206', 'pwinsburykk@creativecommons.org', 1),
(793, 'Willette Imrie', '708 Fordem Crossing', '174-959-3659', 'wimriekl@hugedomains.com', 1),
(794, 'Lem Klosterman', '1 Pankratz Hill', '820-111-8895', 'lklostermankm@google.com.br', 1),
(795, 'Valenka Urridge', '24418 Grayhawk Pass', '832-511-0102', 'vurridgekn@mayoclinic.com', 1),
(796, 'Brigid Sidnell', '6832 Lighthouse Bay Parkway', '564-915-8892', 'bsidnellko@hatena.ne.jp', 1),
(797, 'Riobard Du Fray', '3 Victoria Terrace', '615-694-5564', 'rdukp@drupal.org', 1),
(798, 'Sukey Emerton', '90 Rockefeller Crossing', '375-272-9028', 'semertonkq@google.com.br', 1),
(799, 'Lee Tillerton', '00 Parkside Road', '987-894-7443', 'ltillertonkr@shareasale.com', 1),
(800, 'Kennett Kunneke', '93 Rutledge Hill', '722-143-1974', 'kkunnekeks@discuz.net', 1),
(801, 'Roxane Stiven', '622 Surrey Pass', '919-760-4368', 'rstivenkt@prnewswire.com', 1),
(802, 'Perla Palin', '75100 Village Parkway', '354-357-2681', 'ppalinku@eepurl.com', 1),
(803, 'Gwyneth Olivi', '38933 Lake View Crossing', '959-873-0428', 'golivikv@webeden.co.uk', 1),
(804, 'Arnaldo Pacheco', '3551 Eagan Way', '199-977-0927', 'apachecokw@technorati.com', 1),
(805, 'Mendy Tassell', '1140 Village Way', '642-118-2972', 'mtassellkx@rambler.ru', 1),
(806, 'Tillie Skacel', '46 Village Green Hill', '536-291-1559', 'tskacelky@jalbum.net', 1),
(807, 'Flossy Lamartine', '3374 Hayes Junction', '233-664-0689', 'flamartinekz@altervista.org', 1),
(808, 'Barbey Alejandre', '455 Tony Junction', '258-551-3349', 'balejandrel0@msu.edu', 1),
(809, 'Minette Peat', '6 Hooker Junction', '373-892-7367', 'mpeatl1@ezinearticles.com', 1),
(810, 'Charmine Sorton', '28 Pankratz Way', '239-389-7554', 'csortonl2@nationalgeographic.com', 1),
(811, 'Onfre Allaker', '4559 Union Terrace', '853-664-4177', 'oallakerl3@yale.edu', 1),
(812, 'Arni Villar', '5 Michigan Crossing', '116-172-6236', 'avillarl4@pinterest.com', 1),
(813, 'Hilly Woodings', '624 Maple Circle', '712-997-6853', 'hwoodingsl5@zimbio.com', 1),
(814, 'Tris Josland', '8 Alpine Trail', '249-680-9548', 'tjoslandl6@cargocollective.com', 1),
(815, 'Lynne Jannequin', '5 Shelley Park', '997-755-9183', 'ljannequinl7@ustream.tv', 1),
(816, 'Karol Bazylets', '34091 Schiller Plaza', '524-419-2061', 'kbazyletsl8@yahoo.co.jp', 1),
(817, 'Ric Kolin', '1403 Pawling Pass', '899-866-1004', 'rkolinl9@ucla.edu', 1),
(818, 'Seymour Zukerman', '08458 Basil Place', '456-532-1693', 'szukermanla@webeden.co.uk', 1),
(819, 'Lanny Springham', '7 Carberry Hill', '614-358-1818', 'lspringhamlb@amazon.co.uk', 1),
(820, 'Alvera Fernehough', '2088 Heffernan Road', '729-567-3503', 'afernehoughlc@un.org', 1),
(821, 'Forrester Ellif', '285 8th Plaza', '830-798-3821', 'fellifld@joomla.org', 1),
(822, 'Willi Dauby', '37 Green Road', '417-414-7613', 'wdaubyle@devhub.com', 1),
(823, 'Jennilee Ambrois', '32295 Dexter Terrace', '324-565-1291', 'jambroislf@yolasite.com', 1),
(824, 'Eva Haliday', '9 Lakeland Trail', '728-242-6627', 'ehalidaylg@domainmarket.com', 1),
(825, 'Carline Masi', '534 Clove Lane', '989-192-1712', 'cmasilh@deliciousdays.com', 1),
(826, 'Bettina Ivanilov', '31 Village Pass', '440-792-8524', 'bivanilovli@github.com', 1),
(827, 'Saundra Folbig', '6 Anderson Pass', '796-693-1599', 'sfolbiglj@reddit.com', 1),
(828, 'Antonino Howard', '998 Shelley Point', '123-470-4608', 'ahowardlk@bluehost.com', 1),
(829, 'Chaddy Sibborn', '0 Rutledge Road', '221-747-6242', 'csibbornll@si.edu', 1),
(830, 'Artair Arlidge', '549 Canary Road', '432-381-2907', 'aarlidgelm@yandex.ru', 1),
(831, 'Letta Mulbery', '92756 Russell Point', '845-372-5451', 'lmulberyln@twitpic.com', 1),
(832, 'Cooper Diamant', '653 Anthes Avenue', '691-956-1603', 'cdiamantlo@bbb.org', 1),
(833, 'Edee Manns', '15078 Goodland Hill', '231-465-8556', 'emannslp@cloudflare.com', 1),
(834, 'Mellicent Diggons', '612 Doe Crossing Road', '269-200-3547', 'mdiggonslq@reddit.com', 1),
(835, 'Gram Fuchs', '9477 International Parkway', '681-252-3991', 'gfuchslr@huffingtonpost.com', 1),
(836, 'Xaviera Kesteven', '07 Maryland Center', '308-402-6063', 'xkestevenls@blinklist.com', 1),
(837, 'Nichole Brounfield', '89 Sloan Lane', '150-862-7101', 'nbrounfieldlt@wisc.edu', 1),
(838, 'Cullin Blanko', '283 Upham Drive', '658-407-7442', 'cblankolu@wp.com', 1),
(839, 'Hyacintha Chesterton', '4 Mallard Court', '102-310-9297', 'hchestertonlv@flavors.me', 1),
(840, 'Vitoria Bernhart', '41093 Ohio Plaza', '178-508-6384', 'vbernhartlw@de.vu', 1),
(841, 'Ekaterina Flipsen', '3 Grasskamp Pass', '752-500-5419', 'eflipsenlx@geocities.com', 1),
(842, 'Gwenette Tallow', '6384 Graceland Road', '278-774-8680', 'gtallowly@techcrunch.com', 1),
(843, 'Jolene Tireman', '278 Prentice Hill', '871-499-0456', 'jtiremanlz@paginegialle.it', 1),
(844, 'Joyce Lockley', '8422 Knutson Road', '533-744-9719', 'jlockleym0@nsw.gov.au', 1),
(845, 'Obediah Jenken', '6405 Atwood Street', '975-952-6607', 'ojenkenm1@merriam-webster.com', 1),
(846, 'Kandace Caddie', '364 Dexter Alley', '711-714-9314', 'kcaddiem2@huffingtonpost.com', 1),
(847, 'Theadora Peart', '4 Maywood Pass', '820-555-7719', 'tpeartm3@nationalgeographic.com', 1),
(848, 'Feliks Lambricht', '26 Prairieview Court', '989-126-7032', 'flambrichtm4@freewebs.com', 1),
(849, 'Piotr Gavey', '0 Golf Course Crossing', '332-931-2613', 'pgaveym5@blogspot.com', 1),
(850, 'Inge Heatherington', '127 Main Avenue', '375-803-9770', 'iheatheringtonm6@chronoengine.com', 1),
(851, 'Athena Lanning', '5 Clemons Way', '973-680-4333', 'alanningm7@mysql.com', 1),
(852, 'Torey Dibbs', '661 Dexter Junction', '706-846-8082', 'tdibbsm8@yellowbook.com', 1),
(853, 'Sheilah Reidie', '83286 Towne Street', '464-458-1799', 'sreidiem9@blinklist.com', 1),
(854, 'Edgar Wreak', '90 Maryland Avenue', '742-476-3853', 'ewreakma@addtoany.com', 1),
(855, 'Colin Charte', '06 Hansons Parkway', '304-684-9642', 'cchartemb@dell.com', 1),
(856, 'Bondon Cobbin', '13 Macpherson Place', '805-425-1987', 'bcobbinmc@amazon.co.uk', 1),
(857, 'Kaleb Gosz', '9834 Warbler Lane', '435-378-9652', 'kgoszmd@webnode.com', 1),
(858, 'Virgil Kimbrough', '59450 Dorton Drive', '746-482-4994', 'vkimbroughme@wikispaces.com', 1),
(859, 'Mercedes Frie', '9033 Carberry Parkway', '831-991-1246', 'mfriemf@godaddy.com', 1),
(860, 'Robbie Goomes', '59 Farmco Trail', '230-703-1221', 'rgoomesmg@rakuten.co.jp', 1),
(861, 'Eirena Alywen', '57709 Bartelt Way', '656-487-0071', 'ealywenmh@ucsd.edu', 1),
(862, 'Vickie Haughan', '4 Bonner Place', '300-911-7951', 'vhaughanmi@vinaora.com', 1),
(863, 'Emelyne Ciccottio', '637 Cottonwood Parkway', '609-715-0850', 'eciccottiomj@a8.net', 1),
(864, 'Sadie Mc Ilwrick', '6424 Kingsford Way', '720-765-2347', 'smcmk@oracle.com', 1),
(865, 'Bruis Wressell', '7540 Manitowish Park', '130-918-9046', 'bwressellml@samsung.com', 1),
(866, 'Dareen Olding', '0 Daystar Place', '367-171-2864', 'doldingmm@ucoz.ru', 1),
(867, 'Gerda Grouer', '32 Golf View Drive', '741-475-2803', 'ggrouermn@devhub.com', 1),
(868, 'Idaline Kahen', '3275 Rockefeller Trail', '949-819-5809', 'ikahenmo@huffingtonpost.com', 1),
(869, 'Cory Bortoletti', '85 Ohio Pass', '794-856-1214', 'cbortolettimp@springer.com', 1),
(870, 'Bernadette Ewen', '66510 Park Meadow Park', '499-963-1032', 'bewenmq@berkeley.edu', 1),
(871, 'Elvin McAree', '57 Scofield Road', '831-916-7076', 'emcareemr@icio.us', 1),
(872, 'Gill Murrigans', '486 Shasta Court', '643-638-2955', 'gmurrigansms@nifty.com', 1),
(873, 'Carver Wyrill', '81 Miller Alley', '848-609-2241', 'cwyrillmt@admin.ch', 1),
(874, 'Dirk Challenor', '86 Division Lane', '470-424-9733', 'dchallenormu@msn.com', 1),
(875, 'Cleon Dinzey', '002 Logan Park', '778-769-2102', 'cdinzeymv@economist.com', 1),
(876, 'Ynes Stempe', '6 Red Cloud Hill', '642-840-7503', 'ystempemw@nba.com', 1),
(877, 'Cleavland Forsbey', '6128 Oxford Center', '331-391-4053', 'cforsbeymx@posterous.com', 1),
(878, 'Ringo Roggieri', '54647 Sullivan Street', '102-935-9104', 'rroggierimy@dion.ne.jp', 1),
(879, 'Fitzgerald Breslau', '54953 Nova Circle', '495-612-1333', 'fbreslaumz@theguardian.com', 1),
(880, 'Carolee Boneham', '2523 Esch Pass', '274-378-0367', 'cbonehamn0@buzzfeed.com', 1),
(881, 'Halette Rampton', '1 Westridge Alley', '341-352-9616', 'hramptonn1@mozilla.com', 1),
(882, 'Roselia Emmitt', '4099 Muir Hill', '892-753-9538', 'remmittn2@nhs.uk', 1),
(883, 'Gil Pirozzi', '50104 Kings Crossing', '587-447-7656', 'gpirozzin3@weebly.com', 1),
(884, 'Koressa Hulls', '35150 Michigan Court', '529-676-5898', 'khullsn4@freewebs.com', 1),
(885, 'Sal Reichartz', '38 Eastlawn Park', '117-654-8270', 'sreichartzn5@comcast.net', 1),
(886, 'Cullan Liveing', '2 Waubesa Parkway', '411-511-9407', 'cliveingn6@fastcompany.com', 1),
(887, 'Morena de Mullett', '0671 Kim Way', '928-254-3265', 'mden7@arizona.edu', 1),
(888, 'Emmett Bowdrey', '10 Trailsway Parkway', '174-773-2166', 'ebowdreyn8@prlog.org', 1),
(889, 'Giacinta Burkett', '2 Lunder Point', '693-799-9840', 'gburkettn9@xing.com', 1),
(890, 'Avictor Beckworth', '8 Duke Lane', '786-793-0669', 'abeckworthna@ask.com', 1),
(891, 'Hetty Magson', '67744 Mccormick Crossing', '538-365-5714', 'hmagsonnb@europa.eu', 1),
(892, 'Durante Morphet', '6952 Sunbrook Center', '459-165-1438', 'dmorphetnc@china.com.cn', 1),
(893, 'Kattie Bernardoni', '1323 Prentice Circle', '315-225-9916', 'kbernardonind@istockphoto.com', 1),
(894, 'Amandy Bardwall', '41 Warrior Pass', '794-409-0447', 'abardwallne@vk.com', 1),
(895, 'Torr Meekin', '857 Grasskamp Pass', '338-683-4210', 'tmeekinnf@wikimedia.org', 1),
(896, 'Jacinta Challes', '07 Heath Terrace', '131-208-0085', 'jchallesng@themeforest.net', 1),
(897, 'Dore Rayman', '25 Norway Maple Center', '894-569-1119', 'draymannh@webnode.com', 1),
(898, 'Loutitia Esby', '140 Butterfield Hill', '121-605-1514', 'lesbyni@dion.ne.jp', 1),
(899, 'Freemon Heinecke', '2 Riverside Road', '622-864-2365', 'fheineckenj@dyndns.org', 1),
(900, 'Timotheus Stair', '8324 Scofield Park', '966-499-9058', 'tstairnk@ca.gov', 1),
(901, 'Caspar Stripling', '9 Jay Avenue', '648-526-3893', 'cstriplingnl@prnewswire.com', 1),
(902, 'Meghann Lowsely', '24583 Nancy Court', '314-831-2045', 'mlowselynm@digg.com', 1),
(903, 'Bil Spaight', '20036 Hoffman Way', '381-843-5707', 'bspaightnn@scribd.com', 1),
(904, 'Shannon Meneer', '4070 Hermina Circle', '739-451-9075', 'smeneerno@nps.gov', 1),
(905, 'Finley Pickaver', '88722 Sachs Terrace', '516-179-8499', 'fpickavernp@google.it', 1),
(906, 'Kori Foxley', '3 6th Avenue', '533-162-4432', 'kfoxleynq@cdbaby.com', 1),
(907, 'Ruthie Filchakov', '3863 Moland Place', '150-389-1367', 'rfilchakovnr@timesonline.co.uk', 1),
(908, 'Reagan Ussher', '7 Clyde Gallagher Court', '354-710-7269', 'russherns@umich.edu', 1),
(909, 'Cy Ettery', '66609 Crest Line Parkway', '359-803-9399', 'cetterynt@cmu.edu', 1),
(910, 'Bastian Mattiato', '7 Evergreen Crossing', '269-475-0107', 'bmattiatonu@wsj.com', 1),
(911, 'Dareen Badland', '26867 Cody Hill', '688-259-2189', 'dbadlandnv@nydailynews.com', 1),
(912, 'Andriana Thomasset', '9286 Mandrake Junction', '114-906-4591', 'athomassetnw@washingtonpost.com', 1),
(913, 'Mercie Armfield', '16 6th Way', '143-762-5494', 'marmfieldnx@blinklist.com', 1),
(914, 'Carmella Rapper', '4516 Shoshone Court', '468-829-2158', 'crapperny@marketwatch.com', 1),
(915, 'Karin Loud', '549 Becker Street', '573-434-3048', 'kloudnz@economist.com', 1),
(916, 'Sherwynd Pinnick', '6 Debs Junction', '141-371-1063', 'spinnicko0@yahoo.com', 1),
(917, 'Florry Beecheno', '0 Oak Parkway', '574-389-5800', 'fbeechenoo1@t.co', 1),
(918, 'Hephzibah Lukesch', '98 Orin Circle', '402-768-3593', 'hlukescho2@surveymonkey.com', 1),
(919, 'Elmo Stiant', '20 Garrison Circle', '903-906-3654', 'estianto3@utexas.edu', 1),
(920, 'Enriqueta Mattiacci', '7955 Hanover Avenue', '249-268-8908', 'emattiaccio4@etsy.com', 1),
(921, 'Shelba Di Franceshci', '6106 Bashford Center', '875-516-5024', 'sdio5@php.net', 1),
(922, 'Clark Byer', '7321 Bluejay Trail', '675-592-8794', 'cbyero6@earthlink.net', 1),
(923, 'Orly Stow', '6 Lake View Avenue', '713-422-1478', 'ostowo7@hubpages.com', 1),
(924, 'Kile McSkeagan', '0 Ludington Parkway', '218-386-0076', 'kmcskeagano8@omniture.com', 1),
(925, 'Jo-anne Krier', '79611 Westerfield Road', '735-919-1177', 'jkriero9@umn.edu', 1),
(926, 'Jordon Wadie', '2441 Boyd Avenue', '804-240-3110', 'jwadieoa@vk.com', 1),
(927, 'Craig Struss', '666 Pearson Hill', '212-862-0703', 'cstrussob@quantcast.com', 1),
(928, 'Ola Kiggel', '772 2nd Parkway', '731-459-4825', 'okiggeloc@discuz.net', 1),
(929, 'Alf Vipan', '056 Northfield Circle', '908-291-3525', 'avipanod@gravatar.com', 1),
(930, 'Townie Normanville', '4 Susan Drive', '268-569-6608', 'tnormanvilleoe@baidu.com', 1),
(931, 'Kassey Lindegard', '325 Merchant Pass', '239-400-4713', 'klindegardof@trellian.com', 1),
(932, 'Ealasaid Boutflour', '1 Miller Road', '297-441-2145', 'eboutflourog@tumblr.com', 1),
(933, 'Barty Oatley', '76818 Elmside Junction', '965-507-0295', 'boatleyoh@rakuten.co.jp', 1),
(934, 'Ive Hagwood', '2723 Waubesa Avenue', '114-623-6534', 'ihagwoodoi@yellowbook.com', 1),
(935, 'Wynn Traice', '409 Farragut Point', '460-225-2222', 'wtraiceoj@cmu.edu', 1),
(936, 'Husein Bess', '869 Fieldstone Trail', '989-475-1916', 'hbessok@sogou.com', 1),
(937, 'Gerrard McQuade', '32 Jenna Street', '471-762-0989', 'gmcquadeol@reddit.com', 1),
(938, 'Julianna Mattussevich', '7657 Mosinee Parkway', '196-827-6829', 'jmattussevichom@wix.com', 1),
(939, 'Anastasia Nials', '3258 Schmedeman Center', '604-787-9865', 'anialson@wikimedia.org', 1),
(940, 'Paulo Ida', '3 Mandrake Place', '912-206-8513', 'pidaoo@desdev.cn', 1),
(941, 'Nicolette Olle', '6924 Graceland Circle', '683-926-7355', 'nolleop@quantcast.com', 1),
(942, 'Geralda Yuill', '95 Graceland Place', '916-137-7297', 'gyuilloq@independent.co.uk', 1),
(943, 'Charissa Scullion', '4 Crowley Center', '893-393-0887', 'cscullionor@netvibes.com', 1),
(944, 'Malva Ellyatt', '7 Sunfield Alley', '565-162-4620', 'mellyattos@liveinternet.ru', 1),
(945, 'Pedro Carillo', '7 Muir Avenue', '287-932-0113', 'pcarilloot@webnode.com', 1),
(946, 'Eunice Penvarden', '8 Blue Bill Park Way', '934-123-4372', 'epenvardenou@fastcompany.com', 1),
(947, 'Lorenzo Jarred', '14 Merry Road', '784-813-1955', 'ljarredov@acquirethisname.com', 1),
(948, 'Alfred Fellman', '7 Hovde Street', '658-833-8493', 'afellmanow@1688.com', 1),
(949, 'Helena Devote', '67461 Stuart Center', '514-224-4693', 'hdevoteox@example.com', 1),
(950, 'Chrotoem Breznovic', '84 Barby Place', '120-202-4808', 'cbreznovicoy@nifty.com', 1),
(951, 'Koressa Heenan', '990 Jenna Park', '543-295-4275', 'kheenanoz@reuters.com', 1),
(952, 'Anastassia Skeel', '212 Lakewood Center', '557-279-3107', 'askeelp0@tmall.com', 1),
(953, 'Neddie Milesap', '59748 Transport Point', '184-309-4027', 'nmilesapp1@va.gov', 1),
(954, 'Netta Le Noir', '94467 Lake View Street', '501-665-0505', 'nlep2@artisteer.com', 1),
(955, 'Dorothea Strute', '3 Utah Road', '654-211-5454', 'dstrutep3@yelp.com', 1),
(956, 'Brook Skippen', '3 Golf Park', '889-181-4296', 'bskippenp4@issuu.com', 1),
(957, 'Davis Bogue', '7069 Hallows Street', '556-877-2443', 'dboguep5@clickbank.net', 1),
(958, 'Stephanie Hitzke', '2 Northport Drive', '308-320-1990', 'shitzkep6@w3.org', 1),
(959, 'Dexter Disney', '48971 Talmadge Place', '480-683-7422', 'ddisneyp7@skyrock.com', 1),
(960, 'Gae Wordsley', '1763 Dakota Circle', '316-981-8449', 'gwordsleyp8@wikispaces.com', 1),
(961, 'Husain Filippello', '02003 Fair Oaks Lane', '345-612-9366', 'hfilippellop9@vistaprint.com', 1),
(962, 'Collie Lints', '0952 Farmco Plaza', '812-847-8014', 'clintspa@discovery.com', 1),
(963, 'Creighton Towsey', '36 Monument Terrace', '352-180-0434', 'ctowseypb@slashdot.org', 1),
(964, 'Lowrance Packer', '4080 Cody Pass', '897-513-0540', 'lpackerpc@foxnews.com', 1),
(965, 'Roddie Malt', '7586 Park Meadow Center', '606-536-5176', 'rmaltpd@ustream.tv', 1),
(966, 'Patrizius Dewdeny', '249 American Ash Point', '672-512-7090', 'pdewdenype@people.com.cn', 1),
(967, 'Ailee Hargess', '459 Kipling Place', '867-851-7223', 'ahargesspf@liveinternet.ru', 1),
(968, 'Chrissy Nulty', '2435 Miller Street', '837-237-8598', 'cnultypg@soup.io', 1),
(969, 'Melli Learned', '97306 Chinook Circle', '486-377-9154', 'mlearnedph@google.ca', 1),
(970, 'Avis Jales', '4091 Utah Court', '512-282-1434', 'ajalespi@privacy.gov.au', 1),
(971, 'Alasdair Abethell', '587 Summit Trail', '737-307-3793', 'aabethellpj@boston.com', 1),
(972, 'Peder Harken', '306 Sachtjen Junction', '575-132-7296', 'pharkenpk@guardian.co.uk', 1),
(973, 'Ruthann Kilfeather', '068 American Ash Circle', '142-440-6341', 'rkilfeatherpl@surveymonkey.com', 1),
(974, 'Neville Gisby', '126 Eggendart Point', '690-266-2600', 'ngisbypm@tinyurl.com', 1),
(975, 'Millicent Woofinden', '989 Trailsway Junction', '479-777-4029', 'mwoofindenpn@omniture.com', 1),
(976, 'Lauren Gudgion', '58 New Castle Junction', '781-827-4622', 'lgudgionpo@blinklist.com', 1),
(977, 'Sadie Blakiston', '2209 Crest Line Trail', '733-831-0310', 'sblakistonpp@blogspot.com', 1),
(978, 'Sterne Boxall', '1 Alpine Alley', '586-283-7350', 'sboxallpq@wp.com', 1),
(979, 'Venus Thoms', '03605 Farmco Circle', '736-316-4152', 'vthomspr@stumbleupon.com', 1),
(980, 'Kalie Irving', '8 Starling Hill', '997-866-1639', 'kirvingps@trellian.com', 1),
(981, 'Sansone Marner', '3 Service Center', '665-336-0975', 'smarnerpt@oracle.com', 1),
(982, 'Steward Ashbee', '9031 Debs Pass', '632-843-3575', 'sashbeepu@nasa.gov', 1),
(983, 'Heddi Vedikhov', '26379 Sommers Drive', '342-635-4153', 'hvedikhovpv@simplemachines.org', 1),
(984, 'Kenton Laudham', '4292 Tennyson Point', '152-660-3346', 'klaudhampw@jiathis.com', 1),
(985, 'Claudian Bargh', '3 Riverside Plaza', '755-950-4428', 'cbarghpx@ycombinator.com', 1),
(986, 'Sandie MacGow', '48 Clemons Point', '850-210-5328', 'smacgowpy@nationalgeographic.com', 1),
(987, 'Derick Breznovic', '22 Linden Place', '477-425-3578', 'dbreznovicpz@nationalgeographic.com', 1),
(988, 'Hewie Chimenti', '71 Pearson Parkway', '537-610-0791', 'hchimentiq0@i2i.jp', 1),
(989, 'Lek Crotty', '7 Crowley Plaza', '115-417-5177', 'lcrottyq1@histats.com', 1),
(990, 'Robbyn Hayes', '5182 Mitchell Drive', '781-685-7509', 'rhayesq2@free.fr', 1),
(991, 'Maxine Franek', '171 Sunnyside Drive', '634-361-6507', 'mfranekq3@istockphoto.com', 1),
(992, 'Bernie Barks', '1181 Columbus Terrace', '509-597-1358', 'bbarksq4@chronoengine.com', 1),
(993, 'Garrard Brandreth', '87 Mitchell Point', '781-510-2981', 'gbrandrethq5@flickr.com', 1),
(994, 'Yard Klaus', '83235 Carberry Lane', '448-761-3285', 'yklausq6@nhs.uk', 1),
(995, 'Gerome McCreedy', '64503 Trailsway Circle', '100-516-8953', 'gmccreedyq7@wisc.edu', 1),
(996, 'Malynda Starzaker', '9 Banding Terrace', '325-829-0096', 'mstarzakerq8@so-net.ne.jp', 1),
(997, 'Merci Clear', '384 Dahle Trail', '174-350-4500', 'mclearq9@latimes.com', 1),
(998, 'Inger Neising', '16816 Magdeline Street', '334-301-7832', 'ineisingqa@myspace.com', 1),
(999, 'Ulrika Blackston', '888 New Castle Lane', '514-609-7113', 'ublackstonqb@newyorker.com', 1),
(1000, 'Willabella Josephy', '842 Magdeline Parkway', '377-787-6587', 'wjosephyqc@wp.com', 1),
(1001, 'Giselbert Friar', '0 Pierstorff Terrace', '776-130-1710', 'gfriarqd@seattletimes.com', 1),
(1002, 'Horacio Balston', '928 Artisan Crossing', '820-933-6032', 'hbalstonqe@fc2.com', 1),
(1003, 'Gleda Dies', '2623 Mitchell Way', '531-940-2409', 'gdiesqf@alibaba.com', 1),
(1004, 'Flint Grinley', '6 Grim Drive', '119-432-7078', 'fgrinleyqg@rambler.ru', 1),
(1005, 'Felicia Doul', '25 Briar Crest Pass', '530-759-0609', 'fdoulqh@xing.com', 1),
(1006, 'Zara Lettice', '32 Holmberg Parkway', '897-243-8728', 'zletticeqi@blogs.com', 1),
(1007, 'Ellerey Paike', '2962 Eliot Point', '172-965-1649', 'epaikeqj@lycos.com', 1),
(1008, 'Ferrel Aird', '46433 Eggendart Way', '398-972-5138', 'fairdqk@bandcamp.com', 1),
(1009, 'Filmer Jachimak', '91 Moose Avenue', '554-144-6823', 'fjachimakql@seesaa.net', 1),
(1010, 'Brose Kerwin', '268 Alpine Point', '313-545-9158', 'bkerwinqm@friendfeed.com', 1),
(1011, 'Madge Keen', '0030 Northport Place', '914-157-8010', 'mkeenqn@amazonaws.com', 1),
(1012, 'Charmane Paddick', '97 Lien Alley', '459-399-9947', 'cpaddickqo@cyberchimps.com', 1),
(1013, 'Pascal Cannaway', '6516 Rusk Street', '226-959-5636', 'pcannawayqp@ning.com', 1),
(1014, 'Halli Howatt', '7061 Debra Plaza', '440-304-6982', 'hhowattqq@google.co.uk', 1),
(1015, 'Vikky Cheeseman', '3 Daystar Crossing', '424-989-9633', 'vcheesemanqr@furl.net', 1),
(1016, 'Farris Londsdale', '828 5th Street', '473-429-7032', 'flondsdaleqs@vk.com', 1),
(1017, 'Cull Wyllt', '7 Blackbird Junction', '504-382-9109', 'cwylltqt@edublogs.org', 1),
(1018, 'Danita Millson', '1 Ohio Pass', '493-804-6095', 'dmillsonqu@japanpost.jp', 1),
(1019, 'Helena Annable', '4531 Bartelt Street', '622-936-2551', 'hannableqv@ezinearticles.com', 1),
(1020, 'Ianthe Fellon', '8 Roth Trail', '190-487-7599', 'ifellonqw@feedburner.com', 1),
(1021, 'Elset Arkow', '2467 Kennedy Drive', '294-560-0562', 'earkowqx@mozilla.org', 1),
(1022, 'Dode Scoon', '26 Utah Avenue', '529-418-2094', 'dscoonqy@canalblog.com', 1),
(1023, 'Bondy Vanne', '3348 Farragut Junction', '483-644-4506', 'bvanneqz@virginia.edu', 1),
(1024, 'Norean Lowden', '257 Delaware Center', '418-890-9965', 'nlowdenr0@youtu.be', 1),
(1025, 'Reynard Brixham', '3 Bluejay Drive', '120-697-0281', 'rbrixhamr1@google.cn', 1),
(1026, 'Bertrando MacAllen', '315 Comanche Avenue', '777-380-6219', 'bmacallenr2@google.co.jp', 1),
(1027, 'Agna Yetts', '340 Cherokee Park', '995-794-5999', 'ayettsr3@prlog.org', 1),
(1028, 'Celesta Askey', '97 Thompson Lane', '465-525-3095', 'caskeyr4@wunderground.com', 1),
(1029, 'Leia Balk', '3794 Drewry Center', '434-149-9125', 'lbalkr5@admin.ch', 1),
(1030, 'Sue Bernardos', '0020 Thackeray Hill', '368-576-0883', 'sbernardosr6@taobao.com', 1),
(1031, 'Alastair Wakefield', '7 Duke Hill', '713-700-6905', 'awakefieldr7@bandcamp.com', 1),
(1032, 'Silvester McNerlin', '30 Prentice Crossing', '464-347-1934', 'smcnerlinr8@jugem.jp', 1),
(1033, 'Samson Pendell', '7 Brickson Park Circle', '363-908-7137', 'spendellr9@tmall.com', 1),
(1034, 'Corette Joannic', '370 Harper Drive', '460-530-7853', 'cjoannicra@google.co.jp', 1),
(1035, 'Ryon Steward', '07419 Barnett Parkway', '545-522-1370', 'rstewardrb@cnbc.com', 1),
(1036, 'Chan Koenen', '4 Aberg Center', '696-100-6391', 'ckoenenrc@ucsd.edu', 1),
(1037, 'Sheela Churching', '84047 Farmco Trail', '262-903-4557', 'schurchingrd@hubpages.com', 1),
(1038, 'Radcliffe Vogele', '11 Warner Circle', '893-162-5177', 'rvogelere@myspace.com', 1),
(1039, 'Pincus Crain', '7844 Marcy Junction', '911-704-9354', 'pcrainrf@slashdot.org', 1),
(1040, 'Kerk Topp', '406 Quincy Road', '276-245-4639', 'ktopprg@sitemeter.com', 1),
(1041, 'Gabriell Arnot', '7786 Holy Cross Pass', '716-139-7067', 'garnotrh@google.it', 1),
(1042, 'Brady Zavattiero', '75 Jana Lane', '533-650-3168', 'bzavattierori@yahoo.com', 1),
(1043, 'Niven Francino', '44710 Valley Edge Plaza', '275-124-6202', 'nfrancinorj@sciencedaily.com', 1),
(1044, 'Lelia Lifton', '292 Emmet Junction', '223-906-0199', 'lliftonrk@washingtonpost.com', 1),
(1045, 'Madonna Gouldthorpe', '82401 Burning Wood Alley', '687-806-7264', 'mgouldthorperl@buzzfeed.com', 1),
(1046, 'Kris Railton', '76358 Bluestem Hill', '694-914-0717', 'krailtonrm@ehow.com', 1),
(1047, 'Justinn Mc Corley', '06480 Oriole Point', '405-135-7389', 'jmcrn@blogs.com', 1),
(1048, 'Linus Ezele', '4681 Red Cloud Lane', '944-125-3460', 'lezelero@quantcast.com', 0),
(1049, 'Beckie Maharg', '43296 Brentwood Pass', '784-841-9043', 'bmahargrp@netlog.com', 0),
(1050, 'Conni Hegel', '0 Hanson Court', '173-706-4171', 'chegelrq@bigcartel.com', 0),
(1051, 'Leonelle Ehrat', '79956 Talmadge Point', '627-509-2294', 'lehratrr@columbia.edu', 1);

-- --------------------------------------------------------

--
-- Table structure for table `inventory`
--

CREATE TABLE `inventory` (
  `product_id` int NOT NULL,
  `stock` decimal(10,2) DEFAULT NULL
) ;

-- --------------------------------------------------------

--
-- Table structure for table `products`
--

CREATE TABLE `products` (
  `product_id` int NOT NULL,
  `category_id` int DEFAULT NULL,
  `brand_id` int DEFAULT NULL,
  `product_name` varchar(50) DEFAULT NULL,
  `description` text,
  `product_image` varchar(100) DEFAULT NULL,
  `unit_id` int DEFAULT NULL,
  `selling_price` decimal(10,2) DEFAULT NULL,
  `sku` varchar(50)  DEFAULT NULL,
  `product_status` int DEFAULT NULL
) ;

--
-- Dumping data for table `products`
--

INSERT INTO `products` (`product_id`, `category_id`, `brand_id`, `product_name`, `description`, `product_image`, `unit_id`, `selling_price`, `sku`, `product_status`) VALUES
(27, 25, 1, 'dfg', 'fdg', 'product_1686830292_60952360.jpg', 4, 546.00, 'df', 1),
(28, 42, 2, 'df', 'hgjj', 'product_1686831036_93997623.png', 2, 45.00, 'df', 1),
(29, 25, 3, 'gj', '456', 'product_1686831068_92104249.jpg', 2, 4566.00, 'hgjj', 1),
(30, 4, 1, 'Hiena', 'fg', 'product_1686986198_49435360.jpg', 2, 456.00, 'hgj', 1),
(31, 25, 1, 'Kaka', 'dfg', 'product_1686912240_65137869.png', 3, 66.00, 'dfg', 1),
(32, 25, 1, 'sdg', 'dfgg', '', 3, 745.00, 'dg', 1),
(33, 43, 3, 'Remote Control', 'This is product description.', 'product_1687008603_1360772.jpg', 2, 565.00, 'sdf', 1),
(34, 43, 3, 'Remote Control', 'This is product description.', 'product_1687008603_92104463.jpg', 2, 565.00, 'sdf', 0),
(35, 4, 1, 'wdgdfg', '455', '', 2, 455.00, 'dsg', 0),
(36, 4, 1, 'wdgdfg', '455', '', 2, 455.00, 'dsg', 0),
(37, 4, 2, 'sdg', 'dgg', '', 2, 45.00, 'sdg', 0),
(38, 1, 20, 'mosharrof', 'sdfrwef', 'product_1687150578_53277753.jpg', 1, 5656.00, '56365', 1);

-- --------------------------------------------------------

--
-- Stand-in structure for view `product_information`
-- (See below for the actual view)
--
CREATE TABLE `product_information` (
`product_id` int
,`category_id` int
,`brand_id` int
,`product_name` varchar(50)
,`description` text
,`product_image` varchar(100)
,`unit_id` int
,`selling_price` decimal(10,2)
,`sku` varchar(50)
,`product_status` int
,`category_name` varchar(50)
,`brand_name` varchar(50)
,`unit` varchar(50)
);

-- --------------------------------------------------------

--
-- Table structure for table `purchase_order`
--

CREATE TABLE `purchase_order` (
  `purchase_order_id` int NOT NULL,
  `user_id` int DEFAULT NULL,
  `time_stamp` datetime DEFAULT NULL
) ;

-- --------------------------------------------------------

--
-- Table structure for table `roles`
--

CREATE TABLE `roles` (
  `role_id` int NOT NULL,
  `role_name` varchar(50) DEFAULT NULL
) ;

--
-- Dumping data for table `roles`
--

INSERT INTO `roles` (`role_id`, `role_name`) VALUES
(1, 'Admin'),
(6, 'Moderators');

-- --------------------------------------------------------

--
-- Table structure for table `sales_order`
--

CREATE TABLE `sales_order` (
  `order_id` int NOT NULL,
  `customer_id` int DEFAULT NULL,
  `time_stamp` datetime DEFAULT NULL
) ;

-- --------------------------------------------------------

--
-- Table structure for table `sub_categories`
--

CREATE TABLE `sub_categories` (
  `sub_category_id` int NOT NULL,
  `sub_category_name` varchar(50) DEFAULT NULL,
  `category_id` int DEFAULT NULL,
  `sub_category_status` int NOT NULL
) ;

--
-- Dumping data for table `sub_categories`
--

INSERT INTO `sub_categories` (`sub_category_id`, `sub_category_name`, `category_id`, `sub_category_status`) VALUES
(1, 'Phone', 1, 1),
(2, 'Tv', 1, 1);

-- --------------------------------------------------------

--
-- Table structure for table `s_order_product`
--

CREATE TABLE `s_order_product` (
  `s_order_product_id` int NOT NULL,
  `order_id` int DEFAULT NULL,
  `product_id` int DEFAULT NULL,
  `quantity` int DEFAULT NULL
) ;

-- --------------------------------------------------------

--
-- Table structure for table `units`
--

CREATE TABLE `units` (
  `unit_id` int NOT NULL,
  `unit` varchar(50) DEFAULT NULL
) ;

--
-- Dumping data for table `units`
--

INSERT INTO `units` (`unit_id`, `unit`) VALUES
(1, 'pc'),
(2, 'kg'),
(3, 'size'),
(4, 'color');

-- --------------------------------------------------------

--
-- Table structure for table `users`
--

CREATE TABLE `users` (
  `user_id` int NOT NULL,
  `user_name` varchar(30)  DEFAULT NULL,
  `user_username` varchar(50)  DEFAULT NULL,
  `user_email` varchar(50)  DEFAULT NULL,
  `user_phone` varchar(20)  DEFAULT NULL,
  `user_password` varchar(50)  DEFAULT NULL,
  `role_id` int DEFAULT NULL,
  `user_status` varchar(50)  DEFAULT NULL,
  `user_image` varchar(100) DEFAULT NULL
) ;

--
-- Dumping data for table `users`
--

INSERT INTO `users` (`user_id`, `user_name`, `user_username`, `user_email`, `user_phone`, `user_password`, `role_id`, `user_status`, `user_image`) VALUES
(20, 'Md Mosharof', 'Mosharof', 'info@gmail.com', '01723629080', '123', 1, NULL, 'images.jpeg'),
(22, 'Ali Hasan', 'dbhasan', 'info@gmail.com', '01723629080', '123', 1, NULL, 'images.jpeg'),
(23, 'Miraj', 'skmiraj', 'info@gmail.com', '01723629080', '123', 1, NULL, 'images.jpeg'),
(24, 'Alamin', 'alamin', 'info@gmail.com', '01723629080', '123', 1, NULL, 'images.jpeg'),
(25, 'khaleda', 'khaleda', 'info@gmail.com', '01723629080', '123', 1, NULL, 'images.jpeg'),
(28, 'ali Hasan', 'hasan', 'info.@yahoo.com', '1234656', '123', 6, NULL, 'user_1687144868_4653125.jpg');

-- --------------------------------------------------------

--
-- Structure for view `categories_information`
--
DROP TABLE IF EXISTS `categories_information`;

CREATE ALGORITHM=UNDEFINED DEFINER=`skmiraj`@`%` SQL SECURITY DEFINER VIEW `categories_information`  AS SELECT `c`.`category_id` AS `category_id`, `c`.`category_name` AS `category_name`, `c`.`category_status` AS `category_status`, `sc`.`sub_category_id` AS `sub_category_id`, `sc`.`sub_category_name` AS `sub_category_name`, `sc`.`sub_category_status` AS `sub_category_status` FROM (`categories` `c` join `sub_categories` `sc` on((`c`.`category_id` = `sc`.`category_id`))) ;

-- --------------------------------------------------------

--
-- Structure for view `product_information`
--
DROP TABLE IF EXISTS `product_information`;

CREATE ALGORITHM=UNDEFINED DEFINER=`skmiraj`@`%` SQL SECURITY DEFINER VIEW `product_information`  AS SELECT `p`.`product_id` AS `product_id`, `p`.`category_id` AS `category_id`, `p`.`brand_id` AS `brand_id`, `p`.`product_name` AS `product_name`, `p`.`description` AS `description`, `p`.`product_image` AS `product_image`, `p`.`unit_id` AS `unit_id`, `p`.`selling_price` AS `selling_price`, `p`.`sku` AS `sku`, `p`.`product_status` AS `product_status`, `c`.`category_name` AS `category_name`, `b`.`brand_name` AS `brand_name`, `u`.`unit` AS `unit` FROM (((`products` `p` join `categories` `c` on((`p`.`category_id` = `c`.`category_id`))) join `brands` `b` on((`p`.`brand_id` = `b`.`brand_id`))) join `units` `u` on((`p`.`unit_id` = `u`.`unit_id`))) ;

--
-- Indexes for dumped tables
--

--
-- Indexes for table `brands`
--
ALTER TABLE `brands`
  ADD PRIMARY KEY (`brand_id`);

--
-- Indexes for table `b_order_purchase`
--
ALTER TABLE `b_order_purchase`
  ADD PRIMARY KEY (`b_order_product_id`),
  ADD KEY `purchase_order_id` (`purchase_order_id`),
  ADD KEY `product_id` (`product_id`),
  ADD KEY `Key` (`quantity`,`buying_price`);

--
-- Indexes for table `categories`
--
ALTER TABLE `categories`
  ADD PRIMARY KEY (`category_id`);

--
-- Indexes for table `customers`
--
ALTER TABLE `customers`
  ADD PRIMARY KEY (`customer_id`);

--
-- Indexes for table `inventory`
--
ALTER TABLE `inventory`
  ADD PRIMARY KEY (`product_id`);

--
-- Indexes for table `products`
--
ALTER TABLE `products`
  ADD PRIMARY KEY (`product_id`),
  ADD KEY `brand_id` (`brand_id`),
  ADD KEY `unit_id` (`unit_id`),
  ADD KEY `category_id` (`category_id`);

--
-- Indexes for table `purchase_order`
--
ALTER TABLE `purchase_order`
  ADD PRIMARY KEY (`purchase_order_id`),
  ADD KEY `user_id` (`user_id`);

--
-- Indexes for table `roles`
--
ALTER TABLE `roles`
  ADD PRIMARY KEY (`role_id`);

--
-- Indexes for table `sales_order`
--
ALTER TABLE `sales_order`
  ADD PRIMARY KEY (`order_id`),
  ADD KEY `customer_id` (`customer_id`);

--
-- Indexes for table `sub_categories`
--
ALTER TABLE `sub_categories`
  ADD PRIMARY KEY (`sub_category_id`),
  ADD KEY `category_id` (`category_id`);

--
-- Indexes for table `s_order_product`
--
ALTER TABLE `s_order_product`
  ADD PRIMARY KEY (`s_order_product_id`),
  ADD KEY `order_id` (`order_id`),
  ADD KEY `product_id` (`product_id`);

--
-- Indexes for table `units`
--
ALTER TABLE `units`
  ADD PRIMARY KEY (`unit_id`);

--
-- Indexes for table `users`
--
ALTER TABLE `users`
  ADD PRIMARY KEY (`user_id`),
  ADD KEY `role_id` (`role_id`);

--
-- AUTO_INCREMENT for dumped tables
--

--
-- AUTO_INCREMENT for table `brands`
--
ALTER TABLE `brands`
  MODIFY `brand_id` int NOT NULL AUTO_INCREMENT, AUTO_INCREMENT=27;

--
-- AUTO_INCREMENT for table `b_order_purchase`
--
ALTER TABLE `b_order_purchase`
  MODIFY `b_order_product_id` int NOT NULL AUTO_INCREMENT;

--
-- AUTO_INCREMENT for table `categories`
--
ALTER TABLE `categories`
  MODIFY `category_id` int NOT NULL AUTO_INCREMENT, AUTO_INCREMENT=2;

--
-- AUTO_INCREMENT for table `customers`
--
ALTER TABLE `customers`
  MODIFY `customer_id` int NOT NULL AUTO_INCREMENT, AUTO_INCREMENT=1053;

--
-- AUTO_INCREMENT for table `inventory`
--
ALTER TABLE `inventory`
  MODIFY `product_id` int NOT NULL AUTO_INCREMENT;

--
-- AUTO_INCREMENT for table `products`
--
ALTER TABLE `products`
  MODIFY `product_id` int NOT NULL AUTO_INCREMENT, AUTO_INCREMENT=39;

--
-- AUTO_INCREMENT for table `purchase_order`
--
ALTER TABLE `purchase_order`
  MODIFY `purchase_order_id` int NOT NULL AUTO_INCREMENT;

--
-- AUTO_INCREMENT for table `roles`
--
ALTER TABLE `roles`
  MODIFY `role_id` int NOT NULL AUTO_INCREMENT, AUTO_INCREMENT=9;

--
-- AUTO_INCREMENT for table `sales_order`
--
ALTER TABLE `sales_order`
  MODIFY `order_id` int NOT NULL AUTO_INCREMENT;

--
-- AUTO_INCREMENT for table `sub_categories`
--
ALTER TABLE `sub_categories`
  MODIFY `sub_category_id` int NOT NULL AUTO_INCREMENT, AUTO_INCREMENT=3;

--
-- AUTO_INCREMENT for table `s_order_product`
--
ALTER TABLE `s_order_product`
  MODIFY `s_order_product_id` int NOT NULL AUTO_INCREMENT;

--
-- AUTO_INCREMENT for table `units`
--
ALTER TABLE `units`
  MODIFY `unit_id` int NOT NULL AUTO_INCREMENT, AUTO_INCREMENT=5;

--
-- AUTO_INCREMENT for table `users`
--
ALTER TABLE `users`
  MODIFY `user_id` int NOT NULL AUTO_INCREMENT, AUTO_INCREMENT=29;

--
-- Constraints for dumped tables
--

--
-- Constraints for table `b_order_purchase`
--
ALTER TABLE `b_order_purchase`
  ADD CONSTRAINT `b_order_purchase_ibfk_1` FOREIGN KEY (`purchase_order_id`) REFERENCES `purchase_order` (`purchase_order_id`),
  ADD CONSTRAINT `b_order_purchase_ibfk_2` FOREIGN KEY (`product_id`) REFERENCES `products` (`product_id`);

--
-- Constraints for table `products`
--
ALTER TABLE `products`
  ADD CONSTRAINT `products_ibfk_1` FOREIGN KEY (`brand_id`) REFERENCES `brands` (`brand_id`),
  ADD CONSTRAINT `products_ibfk_2` FOREIGN KEY (`unit_id`) REFERENCES `units` (`unit_id`),
  ADD CONSTRAINT `products_ibfk_3` FOREIGN KEY (`category_id`) REFERENCES `categories` (`category_id`);

--
-- Constraints for table `purchase_order`
--
ALTER TABLE `purchase_order`
  ADD CONSTRAINT `purchase_order_ibfk_1` FOREIGN KEY (`user_id`) REFERENCES `users` (`user_id`);

--
-- Constraints for table `sales_order`
--
ALTER TABLE `sales_order`
  ADD CONSTRAINT `sales_order_ibfk_1` FOREIGN KEY (`customer_id`) REFERENCES `customers` (`customer_id`);

--
-- Constraints for table `sub_categories`
--
ALTER TABLE `sub_categories`
  ADD CONSTRAINT `sub_categories_ibfk_1` FOREIGN KEY (`category_id`) REFERENCES `categories` (`category_id`);

--
-- Constraints for table `s_order_product`
--
ALTER TABLE `s_order_product`
  ADD CONSTRAINT `s_order_product_ibfk_1` FOREIGN KEY (`order_id`) REFERENCES `sales_order` (`order_id`),
  ADD CONSTRAINT `s_order_product_ibfk_2` FOREIGN KEY (`product_id`) REFERENCES `products` (`product_id`);

--
-- Constraints for table `users`
--
ALTER TABLE `users`
  ADD CONSTRAINT `users_ibfk_1` FOREIGN KEY (`role_id`) REFERENCES `roles` (`role_id`);
COMMIT;

/*!40101 SET CHARACTER_SET_CLIENT=@OLD_CHARACTER_SET_CLIENT */;
/*!40101 SET CHARACTER_SET_RESULTS=@OLD_CHARACTER_SET_RESULTS */;
/*!40101 SET COLLATION_CONNECTION=@OLD_COLLATION_CONNECTION */;
